{"categories":[{"name":"L_MicrosoftOfficeaccess","displayName":"Microsoft Access 2016"},{"parentCategory":{"ref":"L_MicrosoftOfficeaccess"},"name":"L_ApplicationSettings","displayName":"Anwendungseinstellungen"},{"parentCategory":{"ref":"L_ApplicationSettings"},"name":"L_International","displayName":"International"},{"parentCategory":{"ref":"L_ApplicationSettings"},"name":"L_WebOptions","displayName":"Weboptionen..."},{"parentCategory":{"ref":"L_WebOptions"},"name":"L_General","displayName":"Allgemein"},{"parentCategory":{"ref":"L_ApplicationSettings"},"name":"L_general5","displayName":"Allgemein"},{"parentCategory":{"ref":"L_ApplicationSettings"},"name":"L_Security","displayName":"Sicherheit"},{"parentCategory":{"ref":"L_Security"},"name":"L_Cryptography","displayName":"Kryptografie"},{"parentCategory":{"ref":"L_Security"},"name":"L_TrustCenter","displayName":"Trust Center"},{"parentCategory":{"ref":"L_TrustCenter"},"name":"L_TrustedLocations","displayName":"Vertrauenswürdige Speicherorte"},{"parentCategory":{"ref":"L_MicrosoftOfficeaccess"},"name":"L_Customizableerrormessages","displayName":"Anpassbare Fehlermeldungen"},{"parentCategory":{"ref":"L_MicrosoftOfficeaccess"},"name":"L_Disableitemsinuserinterface","displayName":"Elemente in Benutzeroberfläche deaktivieren"},{"parentCategory":{"ref":"L_Disableitemsinuserinterface"},"name":"L_Custom","displayName":"Benutzerdefiniert"},{"parentCategory":{"ref":"L_MicrosoftOfficeaccess"},"name":"L_Miscellaneous","displayName":"Verschiedenes"}],"policies":[{"parentCategory":{"ref":"L_International"},"supportedOn":{"ref":"windows:SUPPORTED_Windows7"},"elements":{"items":[{"item":[{"value":{"decimal":{"value":0}},"displayName":"Von links nach rechts"},{"value":{"decimal":{"value":1}},"displayName":"Von rechts nach links"}],"valueName":"new tables/queries/forms/reports","inputType":"dropdownList","caption":"Standardrichtung","id":"L_defaultdirection0"}]},"name":"L_Defaultdirection","displayName":"Standardrichtung","explainText":"Gibt die standardmäßige Textrichtung von links nach rechts an.","tags":["L_International","L_ApplicationSettings","L_MicrosoftOfficeaccess"],"application":"access16","key":"software\\microsoft\\office\\16.0\\access\\settings"},{"parentCategory":{"ref":"L_International"},"supportedOn":{"ref":"windows:SUPPORTED_Windows7"},"elements":{"items":[{"item":[{"value":{"decimal":{"value":0}},"displayName":"Benutzeroberflächen-Modus"},{"value":{"decimal":{"value":1}},"displayName":"Textmodus"}],"valueName":"general alignment","inputType":"dropdownList","caption":"Allgemeine Ausrichtung","id":"L_generalalignment1"}]},"name":"L_GeneralAlignment","displayName":"Allgemeine Ausrichtung","explainText":"Gibt die standardmäßige Textausrichtung an.","tags":["L_International","L_ApplicationSettings","L_MicrosoftOfficeaccess"],"application":"access16","key":"software\\microsoft\\office\\16.0\\access\\settings"},{"parentCategory":{"ref":"L_International"},"supportedOn":{"ref":"windows:SUPPORTED_Windows7"},"elements":{"items":[{"item":[{"value":{"decimal":{"value":0}},"displayName":"Logisch"},{"value":{"decimal":{"value":1}},"displayName":"Visuell"}],"valueName":"cursor","inputType":"dropdownList","caption":"Cursorbewegung","id":"L_cursormovement2"}]},"name":"L_Cursormovement","displayName":"Cursorbewegung","explainText":"Gibt den standardmäßigen Cursorbewegungsmodus an.","tags":["L_International","L_ApplicationSettings","L_MicrosoftOfficeaccess"],"application":"access16","key":"software\\microsoft\\office\\16.0\\access\\settings"},{"parentCategory":{"ref":"L_General"},"supportedOn":{"ref":"windows:SUPPORTED_Windows7"},"elements":{"items":[{"item":[{"value":{"decimal":{"value":0}},"displayName":"Schwarz"},{"value":{"decimal":{"value":1}},"displayName":"Kastanienbraun"},{"value":{"decimal":{"value":2}},"displayName":"Grün"},{"value":{"decimal":{"value":3}},"displayName":"Olivgrün"},{"value":{"decimal":{"value":4}},"displayName":"Dunkelblau"},{"value":{"decimal":{"value":5}},"displayName":"Violett"},{"value":{"decimal":{"value":6}},"displayName":"Blaugrün"},{"value":{"decimal":{"value":7}},"displayName":"Grau"},{"value":{"decimal":{"value":8}},"displayName":"Silber"},{"value":{"decimal":{"value":9}},"displayName":"Rot"},{"value":{"decimal":{"value":10}},"displayName":"Hellgrün"},{"value":{"decimal":{"value":11}},"displayName":"Gelb"},{"value":{"decimal":{"value":12}},"displayName":"Blau"},{"value":{"decimal":{"value":13}},"displayName":"Fuchsie"},{"value":{"decimal":{"value":14}},"displayName":"Aquamarin"},{"value":{"decimal":{"value":15}},"displayName":"Weiß"}],"valueName":"hyperlinkcolor","inputType":"dropdownList","caption":"Linkfarbe","id":"L_hyperlinkcolor3"}]},"name":"L_Hyperlinkcolor","displayName":"Linkfarbe","explainText":"Gibt die standardmäßige Linktextfarbe an.","tags":["L_General","L_WebOptions","L_ApplicationSettings","L_MicrosoftOfficeaccess"],"application":"access16","key":"software\\microsoft\\office\\16.0\\access\\internet"},{"parentCategory":{"ref":"L_General"},"supportedOn":{"ref":"windows:SUPPORTED_Windows7"},"elements":{"items":[{"item":[{"value":{"decimal":{"value":0}},"displayName":"Schwarz"},{"value":{"decimal":{"value":1}},"displayName":"Kastanienbraun"},{"value":{"decimal":{"value":2}},"displayName":"Grün"},{"value":{"decimal":{"value":3}},"displayName":"Olivgrün"},{"value":{"decimal":{"value":4}},"displayName":"Dunkelblau"},{"value":{"decimal":{"value":5}},"displayName":"Violett"},{"value":{"decimal":{"value":6}},"displayName":"Blaugrün"},{"value":{"decimal":{"value":7}},"displayName":"Grau"},{"value":{"decimal":{"value":8}},"displayName":"Silber"},{"value":{"decimal":{"value":9}},"displayName":"Rot"},{"value":{"decimal":{"value":10}},"displayName":"Hellgrün"},{"value":{"decimal":{"value":11}},"displayName":"Gelb"},{"value":{"decimal":{"value":12}},"displayName":"Blau"},{"value":{"decimal":{"value":13}},"displayName":"Fuchsie"},{"value":{"decimal":{"value":14}},"displayName":"Aquamarin"},{"value":{"decimal":{"value":15}},"displayName":"Weiß"}],"valueName":"followedhyperlinkcolor","inputType":"dropdownList","caption":"Farbe für besuchten Link","id":"L_followedhyperlinkcolor4"}]},"name":"L_Followedhyperlinkcolor","displayName":"Farbe für besuchten Link","explainText":"Gibt die standardmäßige Textfarbe besuchter Links an.","tags":["L_General","L_WebOptions","L_ApplicationSettings","L_MicrosoftOfficeaccess"],"application":"access16","key":"software\\microsoft\\office\\16.0\\access\\internet"},{"parentCategory":{"ref":"L_General"},"supportedOn":{"ref":"windows:SUPPORTED_Windows7"},"enabledValue":{"decimal":{"value":0}},"disabledValue":{"decimal":{"value":1}},"name":"L_Underlinehyperlinks","displayName":"Links unterstreichen","explainText":"Mithilfe dieser Richtlinieneinstellung kann gesteuert werden, ob Hyperlinks in Access-Tabellen, Abfragen, Formularen und Berichten unterstrichen werden. \n      \nWenn Sie diese Richtlinieneinstellung aktivieren, unterstreicht Access alle Hyperlinks in Tabellen, Abfragen, Formularen und Berichten bei deren Erstellung und setzt dabei die Konfigurationsänderungen auf den Computern von Benutzern außer Kraft. \n      \nWenn Sie diese Richtlinieneinstellung deaktivieren, unterstreicht Access Hyperlinks in Tabellen, Abfragen, Formularen und Berichten nicht. \n      \nWenn Sie diese Richtlinieneinstellung nicht konfigurieren, unterstreicht Access Hyperlinks, die in Tabellen, Abfragen, Formularen und Berichten vorkommen. \n      \nDas Aktivieren dieser Richtlinieneinstellung setzt die Standardkonfiguration in Access durch und wird daher die meisten Benutzer nicht vor Bedienungsprobleme stellen. Wenn diese Konfiguration geändert wird, können Benutzer möglicherweise auf gefährliche Hyperlinks klicken, ohne es zu bemerken. Dies kann ein Sicherheitsrisiko darstellen.","tags":["L_General","L_WebOptions","L_ApplicationSettings","L_MicrosoftOfficeaccess"],"application":"access16","key":"software\\microsoft\\office\\16.0\\access\\internet","valueName":"donotunderlinehyperlinks"},{"parentCategory":{"ref":"L_general5"},"supportedOn":{"ref":"windows:SUPPORTED_Windows7"},"elements":{"items":[{"valueName":"max display","minValue":0,"minValueSpecified":true,"maxValue":50,"maxValueSpecified":true,"inputType":"decimalTextBox","caption":"Anzahl der Einträge: ","id":"L_Numberofentries"}]},"name":"L_Recentlyusedfilelist","displayName":"Anzahl der Dateien in der Liste 'Zuletzt verwendet'","explainText":"Diese Richtlinieneinstellung gibt die Anzahl der Einträge in der Liste \"Zuletzt verwendet\" an, die in der Backstage-Ansicht angezeigt wird, wenn Benutzer auf der Registerkarte \"Datei\" auf \"Öffnen\" klicken.  \n\nWenn Sie diese Richtlinieneinstellung aktivieren, können Sie die Anzahl der Einträge auf einen Wert zwischen 0 und 50 festlegen. Wenn Sie die Anzahl auf 0 festlegen, werden alle angehefteten und nicht angehefteten Einträge ausgeblendet.\n\nWenn Sie diese Richtlinieneinstellung deaktivieren oder nicht konfigurieren, werden in der Liste \"Zuletzt verwendet\" maximal 25 Einträge angezeigt.\n\nHinweis: Wenn Sie das Hinzufügen von Einträgen zur Liste \"Zuletzt verwendet\" grundsätzlich verhindern möchten, können Sie die Windows-Richtlinieneinstellung \"Liste der zuletzt geöffneten Dokumente nicht beibehalten\" aktivieren.","tags":["L_general5","L_ApplicationSettings","L_MicrosoftOfficeaccess"],"application":"access16","key":"software\\microsoft\\office\\16.0\\access\\file mru"},{"parentCategory":{"ref":"L_general5"},"supportedOn":{"ref":"windows:SUPPORTED_Windows7"},"elements":{"items":[{"valueName":"max display","minValue":0,"minValueSpecified":true,"maxValue":20,"maxValueSpecified":true,"inputType":"decimalTextBox","caption":"Anzahl der Ordner: ","id":"L_SetNumberOfPlacesInTheRecentPlacesListSpinID"}]},"name":"L_SetNumberOfPlacesInTheRecentPlacesList","displayName":"Anzahl der Ordner in der Liste \"Zuletzt verwendete Ordner\"","explainText":"Diese Richtlinieneinstellung gibt die Anzahl der nicht angehefteten Einträge an, die in der Liste \"Zuletzt verwendete Ordner\" in der Backstage-Ansicht angezeigt werden, wenn Benutzer auf der Registerkarte \"Datei\" auf \"Öffnen\" oder auf \"Speichern unter\" klicken.\n\nWenn Sie diese Richtlinieneinstellung aktivieren, können Sie die Anzahl der nicht angehefteten Einträge auf einen Wert zwischen 0 und 20 festlegen. Wenn Sie diese Zahl auf 0 festlegen, werden alle angehefteten und nicht angehefteten Einträge ausgeblendet.\n\nWenn Sie diese Richtlinieneinstellung deaktivieren oder nicht konfigurieren, werden maximal 5 nicht angeheftete Einträge in der Liste \"Zuletzt verwendete Ordner\" angezeigt.\n\nHinweis: Wenn Sie das Hinzufügen von Einträgen zur Liste \"Zuletzt verwendete Ordner\" grundsätzlich verhindern möchten, können Sie die Windows-Richtlinieneinstellung \"Liste der zuletzt geöffneten Dokumente nicht beibehalten\" aktivieren.","tags":["L_general5","L_ApplicationSettings","L_MicrosoftOfficeaccess"],"application":"access16","key":"software\\microsoft\\office\\16.0\\access\\place mru"},{"parentCategory":{"ref":"L_general5"},"supportedOn":{"ref":"windows:SUPPORTED_Windows7"},"elements":{"items":[{"valueName":"default database directory","requiredSpecified":false,"expandableSpecified":false,"maxLength":2147483647,"maxLengthSpecified":false,"inputType":"textBox","caption":"Standarddatenbankordner","id":"L_defaultdatabasefolder6"}]},"name":"L_Defaultdatabasefolder","displayName":"Standarddatenbankordner","explainText":"Gibt den standardmäßigen Arbeitsordner an.","tags":["L_general5","L_ApplicationSettings","L_MicrosoftOfficeaccess"],"application":"access16","key":"software\\microsoft\\office\\16.0\\access\\settings"},{"parentCategory":{"ref":"L_Cryptography"},"supportedOn":{"ref":"windows:SUPPORTED_Windows7"},"elements":{"items":[{"valueName":"cipheralgorithm","required":true,"requiredSpecified":true,"expandableSpecified":false,"maxLength":2147483647,"maxLengthSpecified":false,"inputType":"textBox","caption":"CNG-Chiffrieralgorithmus:","id":"L_SetCNGCipherAlgorithmID"}]},"name":"L_SetCNGCipherAlgorithm","displayName":"CNG-Chiffrieralgorithmus festlegen","explainText":"Diese Richtlinieneinstellung ermöglicht Ihnen die Konfiguration des verwendeten CNG-Verschlüsselungsverfahrenalgorithmus.\n\nWenn Sie diese Richtlinieneinstellung aktivieren, wird das bereitgestellte Verschlüsselungsverfahren verwendet, wenn es sich um einen unterstützten Algorithmus handelt.\n\nWenn Sie diese Richtlinieneinstellung deaktivieren oder nicht konfigurieren, wird \"AES\" verwendet.","tags":["L_Cryptography","L_Security","L_ApplicationSettings","L_MicrosoftOfficeaccess"],"application":"access16","key":"software\\microsoft\\office\\16.0\\access\\security\\crypto"},{"parentCategory":{"ref":"L_Cryptography"},"supportedOn":{"ref":"windows:SUPPORTED_Windows7"},"elements":{"items":[{"item":[{"value":{"string":"ChainingModeCBC"},"displayName":"CBC (Blockchiffreverkettung, Cipher Block Chaining)"},{"value":{"string":"ChainingModeCFB"},"displayName":"CFB (Cipher Feedback)"}],"valueName":"cipherchaining","inputType":"dropdownList","id":"L_ConfigureCNGCipherChainingModeDropID"}]},"name":"L_ConfigureCNGCipherChainingMode","displayName":"CNG-Chiffreverkettungsmodus konfigurieren","explainText":"Diese Richtlinieneinstellung ermöglicht Ihnen die Konfiguration des verwendeten Chiffreverkettungsmodus.\n\nWenn Sie diese Richtlinieneinstellung aktivieren, wird der angegebene Chiffreverkettungsmodus angewendet.\n\nWenn Sie diese Richtlinieneinstellung deaktivieren oder nicht konfigurieren, ist \"CBC (Blockchiffreverkettung, Cipher Block Chaining)\" der verwendete Standardmodus für die CNG-Chiffreverkettung.","tags":["L_Cryptography","L_Security","L_ApplicationSettings","L_MicrosoftOfficeaccess"],"application":"access16","key":"software\\microsoft\\office\\16.0\\access\\security\\crypto"},{"parentCategory":{"ref":"L_Cryptography"},"supportedOn":{"ref":"windows:SUPPORTED_Windows7"},"elements":{"items":[{"valueName":"cipherkeybits","minValue":0,"minValueSpecified":true,"maxValue":1000000,"maxValueSpecified":true,"inputType":"decimalTextBox","caption":"Länge des Chiffrierschlüssels","id":"L_SetCNGCipherKeyLengthSpinID"}]},"name":"L_SetCNGCipherKeyLength","displayName":"Länge des CNG-Chiffrierschlüssels festlegen","explainText":"Diese Richtlinieneinstellung ermöglicht Ihnen die Konfiguration der Anzahl von Bits, die bei der Erstellung des Chiffrierschlüssels verwendet werden soll. Dieser Wert wird auf ein Vielfaches von 8 abgerundet.\n\nWenn Sie diese Richtlinieneinstellung aktivieren, wird die angegebene Anzahl der Schlüsselbits verwendet.\n\nWenn Sie diese Richtlinieneinstellung deaktivieren oder nicht konfigurieren, wird der Standardwert verwendet.","tags":["L_Cryptography","L_Security","L_ApplicationSettings","L_MicrosoftOfficeaccess"],"application":"access16","key":"software\\microsoft\\office\\16.0\\access\\security\\crypto"},{"parentCategory":{"ref":"L_Cryptography"},"supportedOn":{"ref":"windows:SUPPORTED_Windows7"},"elements":{"items":[{"item":[{"value":{"decimal":{"value":0}},"displayName":"Format aus Vorversion verwenden"},{"value":{"decimal":{"value":1}},"displayName":"Format der nächsten Generation verwenden"},{"value":{"decimal":{"value":2}},"displayName":"Alle Dateien im Format der nächsten Generation speichern"}],"valueName":"compatmode","inputType":"dropdownList","id":"L_SpecifyEncryptionCompatibilityDropID"}]},"name":"L_SpecifyEncryptionCompatibility","displayName":"Verschlüsselungskompatibilität angeben","explainText":"Diese Richtlinieneinstellung ermöglicht Ihnen die Angabe der verschlüsselten Datenbankkompatibilität.\n\nWenn Sie diese Richtlinieneinstellung aktivieren, wird das angegebene Kompatibilitätsformat während der Verschlüsselung auf neue Dateien angewendet.\n- \"Format aus Vorversion verwenden\"\n- \"Format der nächsten Generation verwenden\"\n- \"Alle Dateien im Format der nächsten Generation speichern\"\n\nWenn Sie diese Richtlinieneinstellung deaktivieren oder nicht konfigurieren, wird die Standardeinstellung \"Format der nächsten Generation verwenden\" angewendet.","tags":["L_Cryptography","L_Security","L_ApplicationSettings","L_MicrosoftOfficeaccess"],"application":"access16","key":"software\\microsoft\\office\\16.0\\access\\security\\crypto"},{"parentCategory":{"ref":"L_Cryptography"},"supportedOn":{"ref":"windows:SUPPORTED_Windows7"},"elements":{"items":[{"valueName":"context","required":true,"requiredSpecified":true,"expandableSpecified":false,"maxLength":2147483647,"maxLengthSpecified":false,"inputType":"textBox","caption":"Parameter","id":"L_SetParametersForCNGContextID"}]},"name":"L_SetParametersForCNGContext","displayName":"Parameter für CNG-Kontext festlegen","explainText":"Diese Richtlinieneinstellung ermöglicht Ihnen die Angabe der Verschlüsselungsparameter, die für den CNG-Kontext verwendet werden sollen. \n\nWenn Sie diese Richtlinieneinstellung aktivieren, werden die angegebenen Parameter an den CNG-Kontext übergeben.\n\nWenn Sie diese Richtlinieneinstellung deaktivieren oder nicht konfigurieren, werden die CNG-Standardwerte verwendet.","tags":["L_Cryptography","L_Security","L_ApplicationSettings","L_MicrosoftOfficeaccess"],"application":"access16","key":"software\\microsoft\\office\\16.0\\access\\security\\crypto"},{"parentCategory":{"ref":"L_Cryptography"},"supportedOn":{"ref":"windows:SUPPORTED_Windows7"},"elements":{"items":[{"item":[{"value":{"string":"SHA1"},"displayName":"SHA1"},{"value":{"string":"SHA256"},"displayName":"SHA256"},{"value":{"string":"SHA384"},"displayName":"SHA384"},{"value":{"string":"SHA512"},"displayName":"SHA512"}],"valueName":"hashalgorithm","inputType":"dropdownList","id":"L_SpecifyCNGHashAlgorithmDropID"}]},"name":"L_SpecifyCNGHashAlgorithm","displayName":"CNG-Hashalgorithmus angeben","explainText":"Diese Richtlinieneinstellung ermöglicht Ihnen die Angabe des verwendeten Hashalgorithmus.\n\nWenn Sie diese Richtlinieneinstellung aktivieren, wird der gewählte Hashalgorithmus von CNG verwendet.\n\nWenn Sie diese Richtlinieneinstellung deaktivieren oder nicht konfigurieren, wird der CNG-Standardhashalgorithmus verwendet.","tags":["L_Cryptography","L_Security","L_ApplicationSettings","L_MicrosoftOfficeaccess"],"application":"access16","key":"software\\microsoft\\office\\16.0\\access\\security\\crypto"},{"parentCategory":{"ref":"L_Cryptography"},"supportedOn":{"ref":"windows:SUPPORTED_Windows7"},"elements":{"items":[{"valueName":"passwordspincount","minValue":0,"minValueSpecified":true,"maxValue":10000000,"maxValueSpecified":true,"inputType":"decimalTextBox","id":"L_SetCNGPasswordSpinCountSpinID"}]},"name":"L_SetCNGPasswordSpinCount","displayName":"Anzahl für CNG-Kennwortwechsel festlegen","explainText":"Diese Richtlinieneinstellung ermöglicht Ihnen anzugeben, wie oft der Kennwortverifizierer gewechselt (neu gehasht) werden soll.\n\nWenn Sie diese Richtlinieneinstellung aktivieren, ist der angegebene Wert die Anzahl, die das Kennwort neu gehasht wird.\n\nWenn Sie diese Richtlinieneinstellung deaktivieren oder nicht konfigurieren, wird der Standardwert (100.000) verwendet.","tags":["L_Cryptography","L_Security","L_ApplicationSettings","L_MicrosoftOfficeaccess"],"application":"access16","key":"software\\microsoft\\office\\16.0\\access\\security\\crypto"},{"parentCategory":{"ref":"L_Cryptography"},"supportedOn":{"ref":"windows:SUPPORTED_Windows7"},"elements":{"items":[{"valueName":"rngalgorithm","required":true,"requiredSpecified":true,"expandableSpecified":false,"maxLength":2147483647,"maxLengthSpecified":false,"inputType":"textBox","caption":"Zufallszahlen-Generator:","id":"L_SpecifyCNGRandomNumberGeneratorAlgorithmID"}]},"name":"L_SpecifyCNGRandomNumberGeneratorAlgorithm","displayName":"Algorithmus für CNG-Zufallszahlen-Generator angeben","explainText":"Diese Richtlinieneinstellung ermöglicht Ihnen die Konfiguration des zu verwendenden CNG-Zufallszahlen-Generators.\n\nWenn Sie diese Richtlinieneinstellung aktivieren, wird der angegebene  Zufallszahlen-Generator verwendet.\n\nWenn Sie diese Richtlinieneinstellung deaktivieren oder nicht konfigurieren, wird der standardmäßige Zufallszahlen-Generator verwendet.","tags":["L_Cryptography","L_Security","L_ApplicationSettings","L_MicrosoftOfficeaccess"],"application":"access16","key":"software\\microsoft\\office\\16.0\\access\\security\\crypto"},{"parentCategory":{"ref":"L_Cryptography"},"supportedOn":{"ref":"windows:SUPPORTED_Windows7"},"elements":{"items":[{"valueName":"saltbytes","minValue":0,"minValueSpecified":true,"maxValue":5000,"maxValueSpecified":true,"inputType":"decimalTextBox","caption":"Anzahl der Bytes","id":"L_SpecifyCNGSaltLengthSpinID"}]},"name":"L_SpecifyCNGSaltLength","displayName":"Länge für CNG-Salt angeben","explainText":"Diese Richtlinieneinstellung ermöglicht Ihnen die Angabe der Anzahl von Salt-Bytes, die verwendet werden soll.\n\nWenn Sie diese Richtlinieneinstellung aktivieren, wird die angegebene Anzahl von Bytes verwendet.\n\nWenn Sie diese Richtlinieneinstellung deaktivieren oder nicht konfigurieren, wird die Standardlänge oder 16 verwendet.","tags":["L_Cryptography","L_Security","L_ApplicationSettings","L_MicrosoftOfficeaccess"],"application":"access16","key":"software\\microsoft\\office\\16.0\\access\\security\\crypto"},{"parentCategory":{"ref":"L_TrustCenter"},"supportedOn":{"ref":"windows:SUPPORTED_Windows7"},"elements":{"items":[{"valueName":"maxtrusteddocuments","minValue":0,"minValueSpecified":true,"maxValue":20000,"maxValueSpecified":true,"inputType":"decimalTextBox","caption":"Maximale Anzahl:","id":"L_SetMaximumNumberOfTrustedDocumentsSpinID"}]},"name":"L_SetMaximumNumberOfTrustedDocuments","displayName":"Maximale Anzahl vertrauenswürdiger Dokumente festlegen","explainText":"Diese Richtlinieneinstellung ermöglicht Ihnen die Angabe der maximalen Anzahl von Vertrauensstellungs-Datensätzen für vertrauenswürdige Dokumente, die in der Registrierung gespeichert werden können, bevor der Löschtask ausgeführt wird. Der Löschtask verringert die Anzahl der in der Registrierung gespeicherten vertrauenswürdigen Dokumente auf den Wert, der durch die Richtlinieneinstellung \"Maximale Anzahl beizubehaltender Vertrauensstellungs-Datensätze festlegen\" festgelegt wird.\n\nWenn Sie diese Richtlinieneinstellung aktivieren, können Sie die maximale Anzahl von vertrauenswürdigen Dokumenten mit einer Obergrenze von 20.000 angeben, die in der Registrierung gespeichert werden, bevor der Löschtask ausgeführt wird. Aus Gründen der Leistung empfiehlt es sich nicht, den Wert auf den oberen Grenzwert festzulegen.\n\nWenn Sie diese Richtlinieneinstellung deaktivieren oder nicht konfigurieren, wird der Standardwert von 500 für die maximale Anzahl vertrauenswürdiger Dokumente verwendet, die in der Registrierung gespeichert werden können, bevor der Löschtask ausgeführt wird.","tags":["L_TrustCenter","L_Security","L_ApplicationSettings","L_MicrosoftOfficeaccess"],"application":"access16","key":"software\\microsoft\\office\\16.0\\access\\security\\trusted documents"},{"parentCategory":{"ref":"L_TrustCenter"},"supportedOn":{"ref":"windows:SUPPORTED_Windows7"},"elements":{"items":[{"valueName":"maxpreservetrusteddocuments","minValue":0,"minValueSpecified":true,"maxValue":20000,"maxValueSpecified":true,"inputType":"decimalTextBox","caption":"Maximal zu erhalten:","id":"L_SetMaximumNumberOfTrustRecordsToPreserveSpinID"}]},"name":"L_SetMaximumNumberOfTrustRecordsToPreserve","displayName":"Maximale Anzahl beizubehaltender Vertrauensstellungs-Datensätze festlegen","explainText":"Diese Richtlinieneinstellung ermöglicht Ihnen die Angabe der maximalen Anzahl beizubehaltender Vertrauensstellungs-Datensätze, wenn der Löschtask erkennt, dass diese Anwendung mehr Vertrauensstellungen besitzt als die Anzahl vertrauenswürdiger Dokumente, die von der Richtlinieneinstellung \"Maximale Anzahl vertrauenswürdiger Dokumente festlegen\" festgelegt wurde.\n\nWenn Sie diese Richtlinieneinstellung aktivieren, können Sie die maximale Anzahl beizubehaltender Vertrauensstellungs-Datensätze mit einer Obergrenze von 20.000 angeben. Aus Gründen der Leistung empfiehlt es sich nicht, den Wert auf den oberen Grenzwert festzulegen.\n\nWenn Sie diese Richtlinieneinstellung deaktivieren oder nicht konfigurieren, wird der Standardwert von 400 verwendet.","tags":["L_TrustCenter","L_Security","L_ApplicationSettings","L_MicrosoftOfficeaccess"],"application":"access16","key":"software\\microsoft\\office\\16.0\\access\\security\\trusted documents"},{"parentCategory":{"ref":"L_TrustCenter"},"supportedOn":{"ref":"windows:SUPPORTED_Windows7"},"elements":{"items":[{"item":[{"value":{"decimal":{"value":2}},"displayName":"Alle Makros mit Benachrichtigung deaktivieren"},{"value":{"decimal":{"value":3}},"displayName":"Alle Makros außer digital signierten Makros deaktivieren"},{"value":{"decimal":{"value":4}},"displayName":"Alle Makros ohne Benachrichtigung deaktivieren"},{"value":{"decimal":{"value":1}},"displayName":"Alle Makros aktivieren (nicht empfohlen)"}],"valueName":"vbawarnings","inputType":"dropdownList","id":"L_Empty"},{"trueValue":{"decimal":{"value":1}},"falseValue":{"decimal":{"value":0}},"valueName":"vbadigsigtrustedpublishers","key":"software\\microsoft\\office\\16.0\\access\\security","inputType":"checkBox","caption":"Makros müssen von einem vertrauenswürdigen Herausgeber signiert sein","id":"L_VBADigSigTrustedPublishersStr"},{"trueValue":{"decimal":{"value":1}},"falseValue":{"decimal":{"value":0}},"valueName":"vbarequirelmtrustedpublisher","key":"software\\microsoft\\office\\16.0\\access\\security","inputType":"checkBox","caption":"Zertifikate von vertrauenswürdigen Herausgebern blockieren, die nur im aktuellen Benutzerzertifikatspeicher installiert sind","id":"L_VBAOnlyAllowLMTrustedPublisherStr"},{"trueValue":{"decimal":{"value":1}},"falseValue":{"decimal":{"value":0}},"valueName":"vbarequiredigsigwithcodesigningeku","key":"software\\microsoft\\office\\16.0\\access\\security","inputType":"checkBox","caption":"Erweiterte Schlüsselverwendung (EKU) für Zertifikate von vertrauenswürdiger Herausgebern anfordern","id":"L_VBAOnlyAllowDigSigWithCodeSigningEKUStr"}]},"name":"L_VBAWarningsPolicy","displayName":"Einstellungen für VBA-Makrobenachrichtigungen","explainText":"Durch diese Richtlinie wird gesteuert, wie Benutzer durch die angegebenen Anwendungen gewarnt werden, wenn VBA-Makros (Visual Basic für Applikationen) vorhanden sind.\n\nWenn Sie diese Richtlinieneinstellung aktivieren, können Sie unter vier Optionen wählen, die festlegen, wie die angegebenen Anwendungen Benutzer vor Makros warnen sollen:\n\n- Alle Makros mit Benachrichtigung deaktivieren: Die Anwendung zeigt die Vertrauensstellungsleiste für alle Makros unabhängig davon an, ob sie signiert oder unsigniert sind. Diese Option erzwingt die Standardkonfiguration in Office.\n\n – Alle Makros außer digital signierten Makros deaktivieren: Die Anwendung zeigt die Vertrauensstellungsleiste für digital signierte Makros an. Dies gibt Benutzern die Möglichkeit, sie zu aktivieren oder deaktiviert zu lassen. Alle nicht signierten Makros werden deaktiviert, und die Benutzer werden nicht benachrichtigt.\n\n– Alle Makros ohne Benachrichtigung deaktivieren: Die Anwendung deaktiviert alle Makros unabhängig davon, ob sie signiert oder unsigniert sind, und benachrichtigt die Benutzer nicht.\n\n– Alle Makros aktivieren (nicht empfohlen): Alle Makros werden unabhängig davon aktiviert, ob sie signiert oder nicht signiert sind. Diese Option kann die Sicherheit erheblich herabsetzen, weil sie die unbemerkte Ausführung von gefährlichem Code erlaubt.\n\nWenn Sie diese Richtlinieneinstellung deaktivieren, ist „Alle Makros mit Benachrichtigung deaktivieren“ die Standardeinstellung.\n\nWenn Sie diese Richtlinieneinstellung nicht konfigurieren, werden Dateien von den Anwendungen mit deaktivierten Makros geöffnet, wenn Benutzer Dateien, die VBA-Makros enthalten, in den angegebenen Anwendungen öffnen. Es wird dann die Vertrauensstellungsleiste mit einer Warnung angezeigt, dass Makros vorhanden sind, aber deaktiviert wurden. Die Benutzer können die Dateien untersuchen und gegebenenfalls bearbeiten, sie können deaktivierte Funktionen jedoch erst verwenden, nachdem sie diese durch Klicken auf „Inhalt aktivieren“ auf der Vertrauensstellungsleiste aktiviert haben. Wenn der Benutzer auf „Inhalt aktivieren“ klickt, wird das Dokument als vertrauenswürdiges Dokument hinzugefügt.\n\nWenn Sie „Alle außer digital signierte Makros deaktivieren“ wählen, wird empfohlen, dass Sie auch das Kontrollkästchen „Makros müssen von einem vertrauenswürdigen Herausgeber signiert sein“ aktivieren, um dadurch die Sicherheit zu verbessern.\n\nWenn Sie das Kontrollkästchen „Makros müssen von einem vertrauenswürdigen Herausgeber signiert sein“ aktivieren, erhalten Benutzer beim Öffnen einer Datei eine Meldung, dass digital signierte Makros blockiert worden sind, weil sie nicht von einem vertrauenswürdigen Herausgeber signiert sind. Es gibt außerdem noch zwei weitere Kontrollkästchen, die aktiviert werden sollten, um die Sicherheit zu verbessern: \n\nZertifikate von vertrauenswürdigen Herausgebern blockieren, die im aktuellen Benutzerzertifikatspeicher installiert sind\n\n- Erweiterte Schlüsselverwendung (Extended Key Usage, EKU) für Zertifikate vom vertrauenswürdigen Herausgeber anfordern\n\nHinweis: Diese beiden Kontrollkästchen gelten nur, wenn das Kontrollkästchen „Makros müssen von einem vertrauenswürdigen Herausgeber signiert sein“ aktiviert ist.\n\nHinweis: Alle drei Kontrollkästchen gelten nur für Office und Visio, Version 2012 und später. Sie gelten nicht für Office 2016 oder Office 2019.\n\nWenn Sie das Kontrollkästchen „Zertifikate von vertrauenswürdigen Herausgebern blockieren, die im Zertifikatspeicher des lokalen Computers installiert sind“ aktivieren, werden Makros nicht ausgeführt, wenn das Zertifikat des vertrauenswürdigen Herausgebers im aktuellen Benutzerzertifikatspeicher installiert ist. Um das Makro auszuführen, muss das Zertifikat im Zertifikatspeicher des lokalen Computers installiert sein. Nur Konten mit Administratorzugriff auf den Computer können ein Zertifikat im Zertifikatspeicher des lokalen Computers installieren.\n\nWenn Sie das Kontrollkästchen „Erweiterte Schlüsselverwendung (Extended Key Usage, EKU) für Zertifikate von vertrauenswürdigen Herausgebern anfordern“ aktivieren, muss die EKU „Codesignieren“ als eine der Nutzungen des Zertifikats beinhalten.\n\nWichtig: Wenn „Alle Makros außer digital signierten Makros deaktivieren“ ausgewählt ist, können Benutzer keine unsignierten Access-Datenbanken öffnen.\n\nBeachten Sie ferner, dass Zertifikate für vertrauenswürdige Herausgeber in Microsoft Office im Speicher für vertrauenswürdige Herausgeber von Internet Explorer gespeichert werden. In früheren Versionen von Microsoft Office wurden Zertifikatinformationen von vertrauenswürdigen Herausgebern (insbesondere der Zertifikatfingerabdruck) in einem besonderen Office-Speicher für vertrauenswürdige Herausgeber gespeichert. Microsoft Office liest Zertifikatinformationen für vertrauenswürdige Herausgeber nach wie vor aus dem Office-Speicher für vertrauenswürdige Herausgeber, schreibt jedoch keine Informationen in diesen Speicher.\n\nWenn Sie daher eine Liste von vertrauenswürdigen Herausgebern in einer früheren Version von Microsoft Office erstellt und ein Upgrade auf Office ausgeführt haben, wird die Liste Ihrer vertrauenswürdigen Herausgeber immer noch erkannt. Alle Zertifikate für vertrauenswürdige Herausgeber, die Sie der Liste hinzufügen, werden jedoch im Speicher für vertrauenswürdige Herausgeber von Internet Explorer gespeichert.","tags":["L_TrustCenter","L_Security","L_ApplicationSettings","L_MicrosoftOfficeaccess"],"application":"access16","key":"software\\microsoft\\office\\16.0\\access\\security"},{"parentCategory":{"ref":"L_TrustCenter"},"supportedOn":{"ref":"windows:SUPPORTED_Windows7"},"enabledValue":{"decimal":{"value":1}},"disabledValue":{"decimal":{"value":0}},"name":"L_BlockMacroExecutionFromInternet","displayName":"Blockieren der Ausführung von Makros in Office-Dateien aus dem Internet","explainText":"\n        Mit dieser Richtlinieneinstellung können Sie die Ausführung von Makros in Office-Dateien blockieren, die aus dem Internet stammen.\n\n        Wenn Sie diese Richtlinieneinstellung aktivieren, wird die Ausführung von Makros blockiert, auch wenn im Abschnitt „Makroeinstellungen“ des Trust Centers die Option „Alle Makros aktivieren“ ausgewählt ist. Benutzer erhalten eine Benachrichtigung, dass die Ausführung von Makros blockiert wird.\n\n        Die Ausnahmen, wenn Makros ausgeführt werden dürfen, sind:\n        – Die Office-Datei wird an einem vertrauenswürdigen Speicherort gespeichert.\n        – Die Office-Datei wurde zuvor vom Benutzer als vertrauenswürdig eingestuft.\n        – Makros werden digital signiert, und das entsprechende Zertifikat des vertrauenswürdigen Herausgebers wird auf dem Gerät installiert.\n\n        Wenn Sie diese Richtlinieneinstellung deaktivieren, bestimmen die im Abschnitt „Makroeinstellungen“ des Trust Centers konfigurierten Einstellungen, ob Makros in Office-Dateien ausgeführt werden, die aus dem Internet stammen.\n\n        Wenn Sie diese Richtlinieneinstellung nicht konfigurieren, wird die Ausführung von Makros blockiert. Benutzer erhalten eine Benachrichtigung über die Sicherheitsrisiken von Makros aus dem Internet sowie einen Link, um mehr zu erfahren.\n\n        Weitere Informationen finden Sie unter https://go.microsoft.com/fwlink/p/?linkid=2185771.\n      ","tags":["L_TrustCenter","L_Security","L_ApplicationSettings","L_MicrosoftOfficeaccess"],"application":"access16","key":"software\\microsoft\\office\\16.0\\access\\security","valueName":"blockcontentexecutionfrominternet"},{"parentCategory":{"ref":"L_TrustCenter"},"supportedOn":{"ref":"windows:SUPPORTED_Windows7"},"enabledValue":{"decimal":{"value":1}},"disabledValue":{"decimal":{"value":0}},"name":"L_TurnOffTrustedDocumentsOnTheNetwork","displayName":"Vertrauenswürdige Dokumente im Netzwerk deaktivieren","explainText":"Diese Richtlinieneinstellung ermöglicht Ihnen das Deaktivieren des Features für vertrauenswürdige Dokumente für über das Netzwerk geöffnete Dokumente.\n\nWenn Sie diese Richtlinieneinstellung aktivieren, erhalten Benutzer immer Sicherheitsbenachrichtigungen bei aktiven Inhalten wie Makros, ActiveX-Steuerelementen, Datenverbindungen usw. in Dokumenten, die über das Netzwerk geöffnet wurden.\n\nWenn Sie diese Richtlinieneinstellung deaktivieren oder nicht konfigurieren, ermöglicht das Feature für vertrauenswürdige Dokumente Benutzern, aktive Inhalte wie Makros, ActiveX-Steuerelemente, Datenverbindungen usw. immer zuzulassen, sodass Benutzer beim nächsten Öffnen der Dokumente nicht mehr aufgefordert werden. Vertrauenswürdige Dokumente sind von Sicherheitsbenachrichtigungen ausgenommen.","tags":["L_TrustCenter","L_Security","L_ApplicationSettings","L_MicrosoftOfficeaccess"],"application":"access16","key":"software\\microsoft\\office\\16.0\\access\\security\\trusted documents","valueName":"disablenetworktrusteddocuments"},{"parentCategory":{"ref":"L_TrustCenter"},"supportedOn":{"ref":"windows:SUPPORTED_Windows7"},"enabledValue":{"decimal":{"value":1}},"disabledValue":{"decimal":{"value":0}},"name":"L_Disableallapplicationextensions","displayName":"Alle Anwendungs-Add-Ins deaktivieren","explainText":"Mithilfe dieser Richtlinieneinstellung werden alle Add-Ins für die 2016-Versionen der angegebenen Office-Anwendungen deaktiviert.\n\nWenn Sie diese Richtlinieneinstellung aktivieren, werden alle Add-Ins für die 2016-Versionen der angegebenen Office-Anwendungen deaktiviert.\n\nWenn Sie diese Richtlinieneinstellung deaktivieren oder nicht konfigurieren, wird die Ausführung aller Add-Ins für die 2016-Versionen der angegebenen Office-Anwendungen ohne Benachrichtigung der Benutzer zugelassen.","tags":["L_TrustCenter","L_Security","L_ApplicationSettings","L_MicrosoftOfficeaccess"],"application":"access16","key":"software\\microsoft\\office\\16.0\\access\\security","valueName":"disablealladdins"},{"parentCategory":{"ref":"L_TrustCenter"},"supportedOn":{"ref":"windows:SUPPORTED_Windows7"},"enabledValue":{"decimal":{"value":1}},"disabledValue":{"decimal":{"value":0}},"name":"L_RequirethatApplicationExtensionsaresigned","displayName":"Anwendungs-Add-Ins müssen von einem vertrauenswürdigen Herausgeber signiert sein","explainText":"Diese Richtlinieneinstellung steuert, ob Add-Ins für die angegebenen Office 2016-Anwendungen digital durch einen vertrauenswürdigen Herausgeber signiert sein müssen.\n \nWenn Sie diese Einstellung aktivieren, überprüft diese Anwendung die digitale Signatur für jedes Add-In vor dem Laden. Wenn ein Add-In keine digitale Signatur aufweist oder diese nicht von einem vertrauenswürdigen Herausgeber stammt, deaktiviert diese Anwendung das Add-In und benachrichtigt den Benutzer. Der Liste müssen Zertifikate hinzugefügt werden, wenn Sie die Signierung aller Add-Ins durch einen vertrauenswürdigen Herausgeber vorschreiben. Details zum Erhalten und Verteilen von Zertifikaten finden Sie unter \"http://go.microsoft.com/fwlink/?LinkId=294922\". Office 2016 speichert Zertifikate für vertrauenswürdige Herausgeber im Speicher für vertrauenswürdige Herausgeber von Internet Explorer. In früheren Versionen von Microsoft Office wurden solche Zertifikatinformationen (insbesondere der Zertifikatfingerabdruck) in einem besonderen Office-Speicher für vertrauenswürdige Herausgeber gespeichert. Office 2016 liest solche Zertifikatinformationen nach wie vor aus dem Office-Speicher für vertrauenswürdige Herausgeber, sie speichert Informationen jedoch nicht mehr in diesem Speicher. Wenn Sie daher in einer früheren Office-Version eine Liste vertrauenswürdiger Herausgeber erstellt und ein Upgrade auf Office 2016 ausgeführt haben, wird diese Liste nach wie vor erkannt. Alle Zertifikate für vertrauenswürdige Herausgeber, die Sie der Liste hinzufügen, werden jedoch im Speicher für vertrauenswürdige Herausgeber von Internet Explorer gespeichert. Weitere Informationen über vertrauenswürdige Herausgeber finden Sie im Office Resource Kit.\n\nWenn Sie diese Richtlinieneinstellung deaktivieren oder nicht konfigurieren, überprüfen Office 2016-Anwendungen nicht die digitale Signatur von Anwendungs-Add-Ins vor deren Öffnen. Wenn ein gefährliches Add-In geladen wird, kann es Computer des Benutzers beschädigen oder die Datensicherheit gefährden.","tags":["L_TrustCenter","L_Security","L_ApplicationSettings","L_MicrosoftOfficeaccess"],"application":"access16","key":"software\\microsoft\\office\\16.0\\access\\security","valueName":"requireaddinsig"},{"parentCategory":{"ref":"L_TrustCenter"},"supportedOn":{"ref":"windows:SUPPORTED_Windows7"},"enabledValue":{"decimal":{"value":1}},"disabledValue":{"decimal":{"value":0}},"name":"L_DisableTrustBarNotificationforunsigned","displayName":"Benachrichtigung für Vertrauensstellungsleiste für nicht signierte Anwendungs-Add-Ins deaktivieren und blockieren","explainText":"Mithilfe dieser Richtlinieneinstellung wird gesteuert, ob Benutzer von den angegebenen Office-Anwendungen benachrichtigt werden, wenn nicht signierte Anwendungs-Add-Ins geladen werden, oder ob diese Add-Ins ohne Benachrichtigung automatisch deaktiviert werden. Diese Richtlinieneinstellung gilt nur, wenn die Richtlinieneinstellung \"Anwendungs-Add-Ins müssen von einem vertrauenswürdigen Herausgeber signiert sein\" aktiviert ist, die Benutzer am Ändern dieser Richtlinieneinstellung hindert.\n\nWenn Sie diese Richtlinieneinstellung aktivieren, werden nicht signierte Add-Ins automatisch von Anwendungen deaktiviert, ohne dass die Benutzer benachrichtigt werden.\n \nWenn Sie diese Richtlinieneinstellung deaktivieren, werden alle von der Anwendung geladenen nicht signierten Add-Ins deaktiviert, wenn eine Anwendung die Signierung aller Add-Ins durch einen vertrauenswürdigen Herausgeber vorschreibt. In diesem Fall zeigt die Anwendung oben im aktiven Fenster die Vertrauensstellungsleiste an. Die Vertrauensstellungsleiste enthält eine Nachricht, die Benutzer über das nicht signierte Add-In informiert.\n\nWenn Sie die Richtlinieneinstellung nicht konfigurieren, trifft das Verhalten bei Deaktivierung zu, und Benutzer können diese Anforderung zusätzlich selbst in der Kategorie \"Add-Ins\" des Trust Centers der Anwendung konfigurieren.","tags":["L_TrustCenter","L_Security","L_ApplicationSettings","L_MicrosoftOfficeaccess"],"application":"access16","key":"software\\microsoft\\office\\16.0\\access\\security","valueName":"notbpromptunsignedaddin"},{"parentCategory":{"ref":"L_TrustCenter"},"supportedOn":{"ref":"windows:SUPPORTED_Windows7"},"enabledValue":{"decimal":{"value":1}},"disabledValue":{"decimal":{"value":0}},"name":"L_TurnOffTrustedDocuments","displayName":"Vertrauenswürdige Dokumente deaktivieren","explainText":"Mithilfe dieser Richtlinieneinstellung können Sie das Feature 'Vertrauenswürdige Dokumente' deaktivieren. Das Feature 'Vertrauenswürdige Dokumente' ermöglicht Benutzern, aktive Inhalte in Dokumenten wie z. B. Makros, ActiveX-Steuerelementen, Datenverbindungen usw. immer zu aktivieren, damit sie den Öffnungsvorgang beim nächsten Öffnen der Dokumente nicht bestätigen müssen. Vertrauenswürdige Dokumente sind von Sicherheitsbenachrichtigungen ausgeschlossen.\n\nWenn Sie diese Richtlinieneinstellung aktivieren, deaktivieren Sie das Feature 'Vertrauenswürdige Dokumente'. Benutzer erhalten dann bei jedem Öffnen eines Dokuments mit aktiven Inhalten eine Sicherheitseingabeaufforderung.\n\nWenn Sie diese Richtlinieneinstellung deaktivieren oder nicht konfigurieren, gelten Dokumente als vertrauenswürdig, wenn Benutzer Inhalte für ein Dokument aktivieren, und Benutzern wird keine Sicherheitseingabeaufforderung angezeigt.","tags":["L_TrustCenter","L_Security","L_ApplicationSettings","L_MicrosoftOfficeaccess"],"application":"access16","key":"software\\microsoft\\office\\16.0\\access\\security\\trusted documents","valueName":"disabletrusteddocuments"},{"parentCategory":{"ref":"L_TrustedLocations"},"supportedOn":{"ref":"windows:SUPPORTED_Windows7"},"enabledValue":{"decimal":{"value":1}},"disabledValue":{"decimal":{"value":0}},"name":"L_AllowTrustedLocationsOnTheNetwork","displayName":"Vertrauenswürdige Speicherorte im Netzwerk zulassen","explainText":"Diese Richtlinieneinstellung steuert, ob vertrauenswürdige Speicherorte im Netzwerk verwendet werden können.\n      \nWenn Sie diese Richtlinieneinstellung aktivieren, können Benutzer vertrauenswürdige Speicherorte auf Netzwerkfreigaben oder an anderen Remotespeicherorten angeben, die nicht ihrer direkten Kontrolle unterstehen, indem sie im Abschnitt \"Vertrauenswürdige Speicherorte\" im Trust Center das Kontrollkästchen \"Vertrauenswürdige Speicherorte im Netzwerk zulassen (nicht empfohlen)\" aktivieren. Das Laden von Inhalten, Code und Add-Ins wird von vertrauenswürdigen Speicherorten mit minimaler Sicherheit und ohne Aufforderung des Benutzers zur Genehmigung zugelassen.\n\nWenn Sie diese Richtlinieneinstellung deaktivieren oder nicht konfigurieren, ignoriert die ausgewählte Anwendung alle im Abschnitt \"Vertrauenswürdige Speicherorte\" im Trust Center aufgelisteten Netzwerkspeicherorte. Durch das Deaktivieren dieser Richtlinieneinstellung werden keine Netzwerkspeicherorte in der Liste \"Vertrauenswürdige Speicherorte\" gelöscht. Stattdessen wird die Behandlung der Speicherorte durch die Anwendung als nicht vertrauenswürdig erzwungen, und die Benutzer werden am Hinzufügen neuer Netzwerk-Speicherorte zur Liste gehindert.\n\nWenn Sie vertrauenswürdige Speicherorte außerdem mithilfe von Gruppenrichtlinien bereitstellen, sollten Sie prüfen, ob sie sich teilweise an Remotespeicherorten befinden. Wenn Remotespeicherorte vorhanden sind, und Sie Remotespeicherorte nicht mithilfe dieser Richtlinieneinstellung zulassen, werden die Richtlinienschlüssel, die auf Remotespeicherorte verweisen, auf Clientcomputern ignoriert.\n\nDas Deaktivieren dieser Richtlinieneinstellung führt bei Benutzern, die der Liste \"Vertrauenswürdige Speicherorte\" Netzwerkspeicherorte hinzufügen, zu Unterbrechungen. Es wird jedoch nicht empfohlen, diese Richtlinieneinstellung zu aktivieren (worauf das Kontrollkästchen \"Vertrauenswürdige Speicherorte im Netzwerk zulassen (nicht empfohlen)\" bereits hinweist). Daher sollte es in der Praxis unter den meisten Umständen möglich sein, diese Richtlinieneinstellung zu deaktivieren, ohne nennenswerte Einschränkungen der Nutzbarkeit für die meisten Benutzer hervorzurufen.","tags":["L_TrustedLocations","L_TrustCenter","L_Security","L_ApplicationSettings","L_MicrosoftOfficeaccess"],"application":"access16","key":"software\\microsoft\\office\\16.0\\access\\security\\trusted locations","valueName":"allownetworklocations"},{"parentCategory":{"ref":"L_TrustedLocations"},"supportedOn":{"ref":"windows:SUPPORTED_Windows7"},"enabledValue":{"decimal":{"value":1}},"disabledValue":{"decimal":{"value":0}},"name":"L_DisableTrustedLoc","displayName":"Alle vertrauenswürdigen Speicherorte deaktivieren","explainText":"Diese Richtlinieneinstellung ermöglicht Administratoren das Deaktivieren aller vertrauenswürdigen Speicherorte in den angegebenen Anwendungen. Die im Sicherheitscenter angegebenen vertrauenswürdigen Speicherorte werden verwendet, um Dateispeicherorte zu definieren, die als sicher angenommen werden. Das Laden von Inhalten, Code und Add-Ins wird von vertrauenswürdigen Speicherorten mit minimaler Sicherheit und ohne Aufforderung der Benutzer zur Genehmigung zugelassen. Wenn eine gefährliche Datei von einem vertrauenswürdigen Speicherort geöffnet wird, wird sie nicht den normalen Sicherheitsmaßnahmen unterzogen und kann daher die Computer oder Daten von Benutzern beschädigen.\n      \nWenn Sie diese Richtlinieneinstellung aktivieren, werden alle vertrauenswürdigen Speicherorte (die im Sicherheitscenter angegeben sind) in der angegebenen Anwendung, einschließlich aller vertrauenswürdigen Speicherorte, die von Office 2016 beim Setup eingerichtet, für Benutzer mithilfe von Gruppenrichtlinien bereitgestellt oder von den Benutzern selbst hinzugefügt wurden, ignoriert. Benutzer werden beim Öffnen von Dateien von vertrauenswürdigen Speicherorten erneut aufgefordert.\n\nWenn Sie diese Richtlinieneinstellung deaktivieren oder nicht konfigurieren, werden alle vertrauenswürdigen Speicherorte (die im Sicherheitscenter angegeben sind) in den angegebenen Anwendungen als sicher angesehen.","tags":["L_TrustedLocations","L_TrustCenter","L_Security","L_ApplicationSettings","L_MicrosoftOfficeaccess"],"application":"access16","key":"software\\microsoft\\office\\16.0\\access\\security\\trusted locations","valueName":"alllocationsdisabled"},{"parentCategory":{"ref":"L_Miscellaneous"},"supportedOn":{"ref":"windows:SUPPORTED_Windows7"},"elements":{"items":[{"item":[{"value":{"decimal":{"value":12}},"displayName":"Access 2007"},{"value":{"decimal":{"value":10}},"displayName":"Access 2002-2003"},{"value":{"decimal":{"value":9}},"displayName":"Access 2000"}],"valueName":"default file format","inputType":"dropdownList","id":"L_empty87"}]},"name":"L_DefaultFileFormat","displayName":"Standarddateiformat","explainText":"Diese Richtlinieneinstellung steuert, ob neue Datenbankdateien im neuen Access-Format oder in einem Format erstellt werden, das von früheren Versionen von Access verwendet wird.\n      \nWenn Sie diese Richtlinieneinstellung aktivieren, können Sie angeben, ob neue Datenbankdateien standardmäßig im Access 2016- oder im Access 2002 - 2003-Format erstellt werden. Benutzer können auch weiterhin die Standardeinstellung außer Kraft setzen und beim Speichern der Datei ein bestimmtes Format auswählen. Sie können die Standardeinstellung jedoch nicht selbst mithilfe des Dialogfelds 'Access-Optionen' festlegen. \n      \nWenn Sie diese Richtlinieneinstellung deaktivieren oder nicht konfigurieren, speichert Access neue, von Benutzern erstellte Datenbankdateien im neuen Access 2016-Format. Benutzer können diese Funktion jedoch durch Auswählen eines Dateiformats aus der Dropdownliste 'Standarddateiformat' unter 'Access-Optionen' | 'Am häufigsten verwendet'| 'Erstellen von Datenbanken' ändern. Hinweis: Wenn Sie diese Richtlinieneinstellung deaktivieren, können Benutzer eine Auswahl unter drei Standarddateiformaten treffen: Access 2000, Access 2002 - 2003 und Access 2016. Sie können diese Richtlinieneinstellung zum Angeben des Access 2002 - 2003- oder des Access 2016-Formats als Standardeinstellung verwenden, nicht jedoch des Access 2000-Formats.","tags":["L_Miscellaneous","L_MicrosoftOfficeaccess"],"application":"access16","key":"software\\microsoft\\office\\16.0\\access\\settings"},{"parentCategory":{"ref":"L_Miscellaneous"},"supportedOn":{"ref":"windows:SUPPORTED_Windows7"},"enabledValue":{"decimal":{"value":1}},"disabledValue":{"decimal":{"value":0}},"name":"L_Donotprompttoconvertolderdatabases","displayName":"Nicht zum Konvertieren älterer Datenbanken auffordern","explainText":"Diese Richtlinieneinstellung steuert, ob Access-Benutzer auffordert, ältere Datenbanken beim Öffnen zu konvertieren. \n      \nWenn Sie diese Richtlinieneinstellung aktivieren, lässt Access Datenbanken im Access 97-Format unverändert. Access teilt dem Benutzer mit, dass die Datenbank im älteren Format vorliegt, stellt ihm jedoch keine Option zum Konvertieren der Datenbank zur Verfügung. Einige in neueren Access-Versionen eingeführte Features stehen nicht zur Verfügung, und die Benutzer können an der Datenbank keine Entwurfsänderungen vornehmen. \n      \nWenn Sie diese Richtlinieneinstellung deaktivieren oder nicht konfigurieren, fordert Access-Benutzer beim Öffnen von Datenbanken, die im Access 97-Dateiformat erstellt wurden, auf, die Datenbank in ein neueres Dateiformat zu konvertieren. Die Benutzer können wählen, die Datenbank zu konvertieren oder sie im älteren Format zu lassen.","tags":["L_Miscellaneous","L_MicrosoftOfficeaccess"],"application":"access16","key":"software\\microsoft\\office\\16.0\\access\\settings","valueName":"noconvertdialog"},{"parentCategory":{"ref":"L_Miscellaneous"},"supportedOn":{"ref":"windows:SUPPORTED_Windows7"},"enabledValue":{"decimal":{"value":1}},"disabledValue":{"decimal":{"value":0}},"name":"L_2007CompatibleCachePolicy","displayName":"Mit Access 2007 kompatiblen Cache verwenden","explainText":"Mithilfe dieser Richtlinieneinstellung können Sie erzwingen, dass neue und vorhandene Datenbanken einen Cache verwenden, der mit Access 2007 kompatibel ist.\n\nWenn Sie diese Richtlinieneinstellung aktivieren, verwenden neue und vorhandene Datenbanken einen Cache, der mit Access 2007 kompatibel ist.\n\nWenn Sie diese Richtlinieneinstellung deaktivieren oder nicht konfigurieren, verwenden neue Datenbanken standardmäßig eine Zwischenspeicherung, die nicht mit Access 2007 kompatibel ist. Vorhandene Datenbanken verwenden den Cachemodus, mit dem Sie erstellt wurden.\n","tags":["L_Miscellaneous","L_MicrosoftOfficeaccess"],"application":"access16","key":"software\\microsoft\\office\\16.0\\access\\settings","valueName":"use2007compatiblecache"},{"parentCategory":{"ref":"L_Miscellaneous"},"supportedOn":{"ref":"windows:SUPPORTED_Windows7"},"enabledValue":{"decimal":{"value":1}},"disabledValue":{"decimal":{"value":0}},"name":"L_ClearCacheOnClosePolicy","displayName":"Cache beim Schließen löschen","explainText":"Mithilfe dieser Richtlinieneinstellung können Sie erzwingen, dass der Cache für Datenbanken gelöscht wird, die nicht mit Access 2016 kompatibel sind, wenn die Datenbank geschlossen wird.\n\nWenn Sie diese Richtlinieneinstellung aktivieren, werden alle zwischengespeicherten Microsoft SharePoint- oder Geschäftsdatenkatalog-Links beim Schließen für Datenbanken gelöscht, die keine mit Access 2016 kompatible Zwischenspeicherung verwenden. Wenn die Datenbank mit Access 2016 kompatible Zwischenspeicherung verwendet, wirkt sich diese Richtlinieneinstellung nicht aus, wenn sie aktiviert ist.\n\nWenn Sie diese Richtlinieneinstellung deaktivieren oder nicht konfigurieren, werden Microsoft SharePoint- oder Geschäftsdatenkatalog-Links nicht beim Schließen von Datenbanken gelöscht, die nicht mit Access 2016 kompatible Zwischenspeicherung verwenden. Wenn die Datenbank mit Access 2016 kompatible Zwischenspeicherung verwendet, wirkt sich diese Richtlinieneinstellung nicht aus, wenn sie aktiviert ist.","tags":["L_Miscellaneous","L_MicrosoftOfficeaccess"],"application":"access16","key":"software\\microsoft\\office\\16.0\\access\\settings","valueName":"clearcacheonclose"},{"parentCategory":{"ref":"L_Miscellaneous"},"supportedOn":{"ref":"windows:SUPPORTED_Windows7"},"enabledValue":{"decimal":{"value":1}},"disabledValue":{"decimal":{"value":0}},"name":"L_NeverCachePolicy","displayName":"Daten niemals zwischenspeichern","explainText":"Mithilfe dieser Richtlinieneinstellung können Sie erzwingen, dass Datenbanken, die keinen mit Access 2016 kompatiblen Cache verwenden, keine Daten zwischenspeichern.\n\nWenn Sie diese Richtlinieneinstellung aktivieren, werden Daten aus Microsoft SharePoint oder dem Geschäftsdatenkatalog nicht für Datenbanken zwischengespeichert, die keine mit Access 2016 kompatible Zwischenspeicherung verwenden. Wenn die Datenbank mit Access 2016 kompatible Zwischenspeicherung verwendet, wirkt sich diese Richtlinieneinstellung nicht aus, wenn sie aktiviert ist.\n\nWenn Sie diese Richtlinieneinstellung deaktivieren oder nicht konfigurieren, werden Daten aus Microsoft SharePoint oder dem Geschäftsdatenkatalog (BDC) für Datenbanken zwischengespeichert, die keine mit Access 2016 kompatible Zwischenspeicherung verwenden. Wenn die Datenbank mit Access 2016 kompatible Zwischenspeicherung verwendet, wirkt sich diese Richtlinieneinstellung nicht aus, wenn sie deaktiviert oder nicht konfiguriert ist.","tags":["L_Miscellaneous","L_MicrosoftOfficeaccess"],"application":"access16","key":"software\\microsoft\\office\\16.0\\access\\settings","valueName":"nevercache"},{"parentCategory":{"ref":"L_Miscellaneous"},"supportedOn":{"ref":"windows:SUPPORTED_Windows7"},"elements":{"items":[{"valueName":"personaltemplatesaccess","requiredSpecified":false,"expandable":true,"expandableSpecified":true,"maxLength":2147483647,"maxLengthSpecified":false,"inputType":"textBox","caption":"Pfad zu \"Persönliche Vorlagen\"","id":"L_PersonalTemplatesPath"}]},"name":"L_PersonalTemplatesPath","displayName":"Pfad zu Persönliche Vorlagen für Access","explainText":"Diese Richtlinieneinstellung gibt den Speicherort der persönlichen Vorlagen eines Benutzers an. \n\nWenn Sie diese Richtlinieneinstellung aktivieren, sehen Benutzer alle Vorlagen, die sie am angegebenen Speicherort gespeichert haben, auf der Registerkarte \"Benutzerdefinierte Vorlagen\" auf dem Office-Startbildschirm und im Bereich \"Datei\" | \"Neu\", und beim Speichern einer Vorlage wird zum angegebenen Speicherort als Standardordner gewechselt. \n\nWenn Sie diese Richtlinieneinstellung deaktivieren oder nicht konfigurieren, werden Benutzern die Vorlagen, die sie am angegebenen Speicherort gespeichert haben, auf der Registerkarte \"Benutzerdefinierte Vorlagen\" auf dem Office-Startbildschirm und im Bereich \"Datei\" | \"Neu\" nicht angezeigt, und beim Speichern einer Vorlage wird der Speicherort zum Speichern von Dokumenten als Standardordner verwendet.","tags":["L_Miscellaneous","L_MicrosoftOfficeaccess"],"application":"access16","key":"software\\microsoft\\office\\16.0\\access\\settings"},{"parentCategory":{"ref":"L_Miscellaneous"},"supportedOn":{"ref":"windows:SUPPORTED_Windows7"},"enabledValue":{"decimal":{"value":1}},"disabledValue":{"decimal":{"value":0}},"name":"L_DefaultCustomTab","displayName":"Registerkarte \"Benutzerdefinierte Vorlagen\" in Access auf dem Office-Startbildschirm und im Bereich \"Datei\" | \"Neu\" standardmäßig anzeigen","explainText":"Diese Richtlinieneinstellung steuert, ob benutzerdefinierte Vorlagen (falls welche vorhanden sind) in Access auf dem Office-Startbildschirm und im Bereich \"Datei\"| \"Neu\" als Standardregisterkarte angezeigt werden. \n\nWenn Sie diese Richtlinieneinstellung aktivieren, wird Benutzern die Registerkarte \"Benutzerdefinierte Vorlagen\" auf dem Office-Startbildschirm und im Bereich \"Datei\" | \"Neu\" als Standardregisterkarte angezeigt, falls Vorlagen vorhanden sind (dies kann auch benutzerdefiniert programmierte XML-Vorlagen, Vorlagen im Vorlagenpfad der Arbeitsgruppe, Vorlagen im persönlichen Vorlagenpfad und SharePoint-Vorlagen einschließen).\n\nWenn Sie diese Richtlinieneinstellung deaktivieren oder nicht konfigurieren, wird Benutzern in Access die Registerkarte \"Empfohlene Vorlagen\" als Standardregisterkarte auf dem Office-Startbildschirm und im Bereich \"Datei\" | \"Neu\" angezeigt, es sei denn, alle von Office bereitgestellten Vorlagen wurden deaktiviert.","tags":["L_Miscellaneous","L_MicrosoftOfficeaccess"],"application":"access16","key":"software\\microsoft\\office\\16.0\\access\\settings","valueName":"officestartdefaulttab"},{"parentCategory":{"ref":"L_Advanced"},"supportedOn":{"ref":"windows:SUPPORTED_Windows7"},"enabledList":[{"value":{"string":"true"},"valueName":"Microsoft.Office.UXPlatform.FluentSVRefresh"},{"value":{"string":"true"},"valueName":"Microsoft.Office.UXPlatform.RibbonTouchOptimization"},{"value":{"string":"true"},"valueName":"Microsoft.Office.UXPlatform.FluentSVRibbonOptionsMenu"}],"disabledList":[{"value":{"string":"false"},"valueName":"Microsoft.Office.UXPlatform.FluentSVRefresh"},{"value":{"string":"false"},"valueName":"Microsoft.Office.UXPlatform.RibbonTouchOptimization"},{"value":{"string":"false"},"valueName":"Microsoft.Office.UXPlatform.FluentSVRibbonOptionsMenu"}],"name":"L_accessVisualRefresh","displayName":"Einstellungen für die visuelle Aktualisierung","explainText":"Aktivieren oder Deaktivieren der visuellen Aktualisierung. Funktioniert möglicherweise nicht bei allen Office-Versionen.\n\nDaten werden von Office Tool Plus bereitgestellt.","tags":["L_Advanced"],"application":"access16","key":"Software\\Microsoft\\Office\\16.0\\Common\\ExperimentConfigs\\ExternalFeatureOverrides\\access"}]}