{"categories":[{"name":"L_MicrosoftOfficeOneNote","displayName":"Microsoft OneNote 2016"},{"parentCategory":{"ref":"L_MicrosoftOfficeOneNote"},"name":"L_OneNoteOptions","displayName":"Opzioni di OneNote"},{"parentCategory":{"ref":"L_OneNoteOptions"},"name":"L_Display","displayName":"Visualizzazione"},{"parentCategory":{"ref":"L_OneNoteOptions"},"name":"L_Editing","displayName":"Modifica"},{"parentCategory":{"ref":"L_OneNoteOptions"},"name":"L_Pen","displayName":"Penna"},{"parentCategory":{"ref":"L_OneNoteOptions"},"name":"L_Email","displayName":"Posta elettronica"},{"parentCategory":{"ref":"L_OneNoteOptions"},"name":"L_Security","displayName":"Sicurezza"},{"parentCategory":{"ref":"L_Security"},"name":"L_Cryptography","displayName":"Crittografia"},{"parentCategory":{"ref":"L_OneNoteOptions"},"name":"L_NoteFlags","displayName":"Contrassegni note"},{"parentCategory":{"ref":"L_OneNoteOptions"},"name":"L_AudioandVideo","displayName":"Audio e video"},{"parentCategory":{"ref":"L_OneNoteOptions"},"name":"L_Save","displayName":"Salva"},{"parentCategory":{"ref":"L_OneNoteOptions"},"name":"L_Password","displayName":"Password"},{"parentCategory":{"ref":"L_OneNoteOptions"},"name":"L_Backup","displayName":"Backup"},{"parentCategory":{"ref":"L_OneNoteOptions"},"name":"L_SendToOneNote","displayName":"Invia a OneNote"},{"parentCategory":{"ref":"L_OneNoteOptions"},"name":"L_Addins","displayName":"Componenti aggiuntivi"},{"parentCategory":{"ref":"L_OneNoteOptions"},"name":"L_Spelling","displayName":"Controllo ortografia"},{"parentCategory":{"ref":"L_OneNoteOptions"},"name":"L_VersionsAndRecyleBin","displayName":"Versioni e Cestino"},{"parentCategory":{"ref":"L_OneNoteOptions"},"name":"L_Other","displayName":"Altro"}],"policies":[{"parentCategory":{"ref":"L_Display"},"supportedOn":{"ref":"windows:SUPPORTED_Windows7"},"elements":{"items":[{"item":[{"value":{"decimal":{"value":0}},"displayName":"A destra"},{"value":{"decimal":{"value":1}},"displayName":"A sinistra"}],"valueName":"pagetabsonleft","inputType":"dropdownList","caption":"Specificare la posizione delle linguette delle pagine:","id":"L_Specifylocationofthepagetabcontrol"}]},"name":"L_Pagetabsappearontheleft","displayName":"Linguette delle pagine a sinistra","explainText":"Se si seleziona \"A destra\", verrà deselezionata l'opzione \"Linguette delle pagine a sinistra''. | Se si seleziona \"A sinistra\", verrà selezionata l'opzione ''Linguette delle pagine a sinistra''.","tags":["L_Display","L_OneNoteOptions","L_MicrosoftOfficeOneNote"],"application":"onent16","key":"software\\microsoft\\office\\16.0\\onenote\\options\\other"},{"parentCategory":{"ref":"L_Display"},"supportedOn":{"ref":"windows:SUPPORTED_Windows7"},"enabledValue":{"decimal":{"value":1}},"disabledValue":{"decimal":{"value":0}},"name":"L_Verticalscrollbarappearsonleft","displayName":"Barra di scorrimento verticale a sinistra","explainText":"Consente di selezionare/deselezionare l'opzione corrispondente nell'interfaccia utente.","tags":["L_Display","L_OneNoteOptions","L_MicrosoftOfficeOneNote"],"application":"onent16","key":"software\\microsoft\\office\\16.0\\onenote\\options\\other","valueName":"vertscrollbaronleft"},{"parentCategory":{"ref":"L_Display"},"supportedOn":{"ref":"windows:SUPPORTED_Windows7"},"enabledValue":{"decimal":{"value":1}},"disabledValue":{"decimal":{"value":0}},"name":"L_ShowNoteContainers","displayName":"Mostra contenitori di note","explainText":"Consente di selezionare/deselezionare l'opzione corrispondente nell'interfaccia utente.","tags":["L_Display","L_OneNoteOptions","L_MicrosoftOfficeOneNote"],"application":"onent16","key":"software\\microsoft\\office\\16.0\\onenote\\options\\other","valueName":"shownotecontainers"},{"parentCategory":{"ref":"L_Display"},"supportedOn":{"ref":"windows:SUPPORTED_Windows7"},"enabledValue":{"decimal":{"value":0}},"disabledValue":{"decimal":{"value":1}},"name":"L_Navigationbarappearsontheright","displayName":"Barra di spostamento a destra","explainText":"Questa opzione consente di specificare la posizione di visualizzazione della barra di spostamento.","tags":["L_Display","L_OneNoteOptions","L_MicrosoftOfficeOneNote"],"application":"onent16","key":"software\\microsoft\\office\\16.0\\onenote\\options\\other","valueName":"navbaronleft"},{"parentCategory":{"ref":"L_Editing"},"supportedOn":{"ref":"windows:SUPPORTED_Windows7"},"enabledValue":{"decimal":{"value":0}},"disabledValue":{"decimal":{"value":1}},"name":"L_TurnOffLinkCreationWith","displayName":"Disattiva creazione collegamenti con [[ ]]","explainText":"Questa impostazione di criterio consente di disattivare la creazione di collegamenti con [[ ]]. In OneNote è possibile creare collegamenti automaticamente racchiudendo un termine tra parentesi quadre ( [[ ]] ). Nella sezione corrispondente verrà quindi creata automaticamente una nuova pagina con un collegamento costituito dal testo del termine.\n\nSe si attiva questa impostazione di criterio, non sarà possibile utilizzare [[ ]] per creare un collegamento e una nuova pagina.\n\nSe si disattiva o non si configura questa impostazione di criterio, quando si utilizzano [[ ]], in OneNote verranno creati collegamenti automaticamente.","tags":["L_Editing","L_OneNoteOptions","L_MicrosoftOfficeOneNote"],"application":"onent16","key":"software\\microsoft\\office\\16.0\\onenote\\options\\editing","valueName":"wikilink"},{"parentCategory":{"ref":"L_Editing"},"supportedOn":{"ref":"windows:SUPPORTED_Windows7"},"enabledValue":{"decimal":{"value":0}},"disabledValue":{"decimal":{"value":1}},"name":"L_Turnoffautocalculator","displayName":"Disattivazione calcolo automatico","explainText":"Questa opzione consente di attivare/disattivare la funzionalità di calcolo automatico.","tags":["L_Editing","L_OneNoteOptions","L_MicrosoftOfficeOneNote"],"application":"onent16","key":"software\\microsoft\\office\\16.0\\onenote\\options\\editing","valueName":"autocalculate"},{"parentCategory":{"ref":"L_Editing"},"supportedOn":{"ref":"windows:SUPPORTED_Windows7"},"enabledValue":{"decimal":{"value":1}},"disabledValue":{"decimal":{"value":0}},"name":"L_ShowPasteOptionsbuttons","displayName":"Mostra pulsanti per la funzione Incolla","explainText":"Consente di selezionare/deselezionare l'opzione corrispondente nell'interfaccia utente.","tags":["L_Editing","L_OneNoteOptions","L_MicrosoftOfficeOneNote"],"application":"onent16","key":"software\\microsoft\\office\\16.0\\onenote\\options\\other","valueName":"pasteooui"},{"parentCategory":{"ref":"L_Editing"},"supportedOn":{"ref":"windows:SUPPORTED_Windows7"},"enabledValue":{"decimal":{"value":1}},"disabledValue":{"decimal":{"value":0}},"name":"L_AutoNumberingRecognition","displayName":"Riconoscimento numerazione automatica","explainText":"Consente di selezionare/deselezionare l'opzione ''Applica automaticamente la numerazione agli elenchi''.","tags":["L_Editing","L_OneNoteOptions","L_MicrosoftOfficeOneNote"],"application":"onent16","key":"software\\microsoft\\office\\16.0\\onenote\\options\\editing","valueName":"numbering auto reco"},{"parentCategory":{"ref":"L_Editing"},"supportedOn":{"ref":"windows:SUPPORTED_Windows7"},"enabledValue":{"decimal":{"value":1}},"disabledValue":{"decimal":{"value":0}},"name":"L_AutoBulletRecognition","displayName":"Riconoscimento punti elenco automatici","explainText":"Consente di selezionare/deselezionare l'opzione ''Applica automaticamente i punti elenco agli elenchi''.","tags":["L_Editing","L_OneNoteOptions","L_MicrosoftOfficeOneNote"],"application":"onent16","key":"software\\microsoft\\office\\16.0\\onenote\\options\\editing","valueName":"bullet auto reco"},{"parentCategory":{"ref":"L_Editing"},"supportedOn":{"ref":"windows:SUPPORTED_Windows7"},"elements":{"items":[{"valueName":"defaultfontface","requiredSpecified":false,"expandableSpecified":false,"maxLength":2147483647,"maxLengthSpecified":false,"inputType":"textBox","caption":"Tipo di carattere:","id":"L_Font"}]},"name":"L_DefaultFontName","displayName":"Tipo carattere predefinito","explainText":"Consente di specificare il valore dell'opzione ''Tipo di carattere''.","tags":["L_Editing","L_OneNoteOptions","L_MicrosoftOfficeOneNote"],"application":"onent16","key":"software\\microsoft\\office\\16.0\\onenote\\options\\editing"},{"parentCategory":{"ref":"L_Editing"},"supportedOn":{"ref":"windows:SUPPORTED_Windows7"},"elements":{"items":[{"valueName":"defaultfontsize","requiredSpecified":false,"expandableSpecified":false,"maxLength":2147483647,"maxLengthSpecified":false,"inputType":"textBox","caption":"Dimensione carattere:","id":"L_FontSize"}]},"name":"L_DefaultFontSize","displayName":"Dimensione carattere predefinita","explainText":"Consente di specificare il valore dell'opzione ''Dimensione''.","tags":["L_Editing","L_OneNoteOptions","L_MicrosoftOfficeOneNote"],"application":"onent16","key":"software\\microsoft\\office\\16.0\\onenote\\options\\editing"},{"parentCategory":{"ref":"L_Editing"},"supportedOn":{"ref":"windows:SUPPORTED_Windows7"},"enabledValue":{"decimal":{"value":1}},"disabledValue":{"decimal":{"value":0}},"name":"L_AutoKeyboardSwitching","displayName":"Cambio automatico di tastiera","explainText":"Consente di selezionare/deselezionare l'opzione ''Cambio automatico di tastiera''.","tags":["L_Editing","L_OneNoteOptions","L_MicrosoftOfficeOneNote"],"application":"onent16","key":"software\\microsoft\\office\\16.0\\onenote\\options\\language","valueName":"autokeyboard"},{"parentCategory":{"ref":"L_Editing"},"supportedOn":{"ref":"windows:SUPPORTED_Windows7"},"enabledValue":{"decimal":{"value":1}},"disabledValue":{"decimal":{"value":0}},"name":"L_IncludelinktosourcewhenpastingfromtheInternet","displayName":"Includi collegamento all'origine quando si incolla da Internet","explainText":"Consente di selezionare/deselezionare l'opzione corrispondente nell'interfaccia utente.","tags":["L_Editing","L_OneNoteOptions","L_MicrosoftOfficeOneNote"],"application":"onent16","key":"software\\microsoft\\office\\16.0\\onenote\\options\\editing","valueName":"pasteincludeurl"},{"parentCategory":{"ref":"L_Pen"},"supportedOn":{"ref":"windows:SUPPORTED_Windows7"},"enabledValue":{"decimal":{"value":1}},"disabledValue":{"decimal":{"value":0}},"name":"L_DisableScratchout","displayName":"Disattiva cancellazione","explainText":"Consente di disattivare il movimento cancellazione durante l'input penna.","tags":["L_Pen","L_OneNoteOptions","L_MicrosoftOfficeOneNote"],"application":"onent16","key":"software\\microsoft\\office\\16.0\\onenote\\options\\pen","valueName":"disablescratchout"},{"parentCategory":{"ref":"L_Pen"},"supportedOn":{"ref":"windows:SUPPORTED_Windows7"},"enabledValue":{"decimal":{"value":1}},"disabledValue":{"decimal":{"value":0}},"name":"L_Createallnewpageswithrulelines","displayName":"Crea tutte le nuove pagine con righe","explainText":"Consente di selezionare/deselezionare l'opzione corrispondente nell'interfaccia utente.","tags":["L_Pen","L_OneNoteOptions","L_MicrosoftOfficeOneNote"],"application":"onent16","key":"software\\microsoft\\office\\16.0\\onenote\\options\\pen","valueName":"userulelines"},{"parentCategory":{"ref":"L_Pen"},"supportedOn":{"ref":"windows:SUPPORTED_Windows7"},"enabledValue":{"decimal":{"value":1}},"disabledValue":{"decimal":{"value":0}},"name":"L_Usepenpressuresensitivity","displayName":"Riconosci pressione penna","explainText":"Consente di selezionare/deselezionare l'opzione corrispondente nell'interfaccia utente.","tags":["L_Pen","L_OneNoteOptions","L_MicrosoftOfficeOneNote"],"application":"onent16","key":"software\\microsoft\\office\\16.0\\onenote\\options\\pen","valueName":"inkpressure"},{"parentCategory":{"ref":"L_Pen"},"supportedOn":{"ref":"windows:SUPPORTED_Windows7"},"enabledValue":{"decimal":{"value":1}},"disabledValue":{"decimal":{"value":0}},"name":"L_AutomaticallyswitchbetweenPenandSelectionTool","displayName":"Passa automaticamente dalla penna allo strumento di selezione","explainText":"Consente di selezionare/deselezionare l'opzione corrispondente nell'interfaccia utente.","tags":["L_Pen","L_OneNoteOptions","L_MicrosoftOfficeOneNote"],"application":"onent16","key":"software\\microsoft\\office\\16.0\\onenote\\options\\pen","valueName":"automodeswitch"},{"parentCategory":{"ref":"L_Pen"},"supportedOn":{"ref":"windows:SUPPORTED_Windows7"},"enabledValue":{"decimal":{"value":1}},"disabledValue":{"decimal":{"value":0}},"name":"L_ShowTabletPCInputPanelonOneNotepages","displayName":"Mostra pannello di input di Tablet PC nelle pagine di OneNote","explainText":"Attivare questo criterio per visualizzare il pannello di input di Tablet PC nelle pagine di OneNote.","tags":["L_Pen","L_OneNoteOptions","L_MicrosoftOfficeOneNote"],"application":"onent16","key":"software\\microsoft\\office\\16.0\\onenote\\options\\pen","valueName":"showtabletpcinputpanel"},{"parentCategory":{"ref":"L_Email"},"supportedOn":{"ref":"windows:SUPPORTED_Windows7"},"enabledValue":{"decimal":{"value":1}},"disabledValue":{"decimal":{"value":0}},"name":"L_AttachEmbeddedFilesToTheEmail","displayName":"Allega file incorporati al messaggio di posta elettronica come file separati","explainText":"Questa impostazione di criterio consente di configurare l'opzione \"Allega file incorporati al messaggio di posta elettronica come file separati\" presente nella scheda File | Opzioni | Avanzate | Posta elettronica inviata da OneNote.\n\nSe si attiva o non si configura questa impostazione di criterio, i file incorporati verranno allegati ai messaggi di posta elettronica come file separati.\n\nSe si disattiva questa impostazione di criterio, i file incorporati non verranno allegati ai messaggi di posta elettronica come file separati.","tags":["L_Email","L_OneNoteOptions","L_MicrosoftOfficeOneNote"],"application":"onent16","key":"software\\microsoft\\office\\16.0\\onenote\\options","valueName":"email embedded files"},{"parentCategory":{"ref":"L_Email"},"supportedOn":{"ref":"windows:SUPPORTED_Windows7"},"enabledValue":{"decimal":{"value":1}},"disabledValue":{"decimal":{"value":0}},"name":"L_AllowOneNoteemailattachments","displayName":"Consenti allegati di posta elettronica di OneNote","explainText":"Consente di selezionare/deselezionare l'opzione ''Allega una copia delle note originali come file di OneNote''.","tags":["L_Email","L_OneNoteOptions","L_MicrosoftOfficeOneNote"],"application":"onent16","key":"software\\microsoft\\office\\16.0\\onenote\\options","valueName":"email attachment"},{"parentCategory":{"ref":"L_Email"},"supportedOn":{"ref":"windows:SUPPORTED_Windows7"},"enabledValue":{"decimal":{"value":1}},"disabledValue":{"decimal":{"value":0}},"name":"L_AddsignaturetoOneNoteemailmessages","displayName":"Aggiunta firma ai messaggi di posta elettronica di OneNote","explainText":"Consente di selezionare/deselezionare l'opzione \"Aggiungi la seguente firma ai messaggi di posta elettronica e alle pagine Web creati in OneNote''.","tags":["L_Email","L_OneNoteOptions","L_MicrosoftOfficeOneNote"],"application":"onent16","key":"software\\microsoft\\office\\16.0\\onenote\\options\\other","valueName":"emailsignature"},{"parentCategory":{"ref":"L_Email"},"supportedOn":{"ref":"windows:SUPPORTED_Windows7"},"elements":{"items":[{"valueName":"signature","requiredSpecified":false,"expandableSpecified":false,"maxLength":2147483647,"maxLengthSpecified":false,"inputType":"textBox","caption":"Immettere la firma da utilizzare per i messaggi di posta elettronica di OneNote","id":"L_EntersignaturetouseforOneNoteemail"}]},"name":"L_UsethissignatureforOneNoteemail","displayName":"Firma da utilizzare per i messaggi di posta elettronica di OneNote","explainText":"Consente di impostare il valore dell'opzione ''Aggiungi la seguente firma ai messaggi di posta elettronica e alle pagine Web creati in OneNote''.","tags":["L_Email","L_OneNoteOptions","L_MicrosoftOfficeOneNote"],"application":"onent16","key":"software\\microsoft\\office\\16.0\\onenote\\options\\other"},{"parentCategory":{"ref":"L_NoteFlags"},"supportedOn":{"ref":"windows:SUPPORTED_Windows7"},"enabledValue":{"decimal":{"value":1}},"disabledValue":{"decimal":{"value":0}},"name":"L_Copyitemswhenmovingthem","displayName":"Copia elementi quando vengono spostati","explainText":"Questa impostazione di criterio consente di configurare note contrassegnate.\n\nSe si attiva o non si configura questa impostazione di criterio, verrà selezionata l'opzione \"Lascia invariate le note contrassegnate originali\".\n\nSe si disattiva questa impostazione di criterio, verrà selezionata l'opzione \"Mostra in grigio le note contrassegnate originali\".","tags":["L_NoteFlags","L_OneNoteOptions","L_MicrosoftOfficeOneNote"],"application":"onent16","key":"software\\microsoft\\office\\16.0\\onenote\\options\\other","valueName":"duplicatenoteflag"},{"parentCategory":{"ref":"L_NoteFlags"},"supportedOn":{"ref":"windows:SUPPORTED_Windows7"},"enabledValue":{"decimal":{"value":1}},"disabledValue":{"decimal":{"value":0}},"name":"L_ShowDimmedTaggedNotesInTheTagsSummaryTaskPane","displayName":"Mostra in grigio le note contrassegnate nel riquadro attività Riepilogo contrassegni","explainText":"Consente di selezionare o deselezionare l'opzione \"Mostra in grigio le note contrassegnate nel riquadro attività Riepilogo contrassegni\".","tags":["L_NoteFlags","L_OneNoteOptions","L_MicrosoftOfficeOneNote"],"application":"onent16","key":"software\\microsoft\\office\\16.0\\onenote\\options\\other","valueName":"showinactivenoteflag"},{"parentCategory":{"ref":"L_AudioandVideo"},"supportedOn":{"ref":"windows:SUPPORTED_Windows7"},"enabledValue":{"decimal":{"value":0}},"disabledValue":{"decimal":{"value":1}},"name":"L_Disableaudosearch","displayName":"Disattivazione ricerca in audio e video","explainText":"Consente di disattivare la caratteristica di OneNote per la ricerca in audio e video.","tags":["L_AudioandVideo","L_OneNoteOptions","L_MicrosoftOfficeOneNote"],"application":"onent16","key":"software\\microsoft\\office\\16.0\\onenote\\options\\other","valueName":"enableaudiosearch"},{"parentCategory":{"ref":"L_AudioandVideo"},"supportedOn":{"ref":"windows:SUPPORTED_Windows7"},"enabledValue":{"decimal":{"value":1}},"disabledValue":{"decimal":{"value":0}},"name":"L_DisableLinkedAudiofeature","displayName":"Disattivazione caratteristica audio collegato","explainText":"Questa impostazione di criterio consente di configurare i comandi Registra audio e Registra video della scheda Inserisci.\n\nSe si attiva questa impostazione di criterio, i comandi non saranno disponibili.\n\nSe si disattiva o non si configura questa impostazione di criterio, i comandi saranno disponibili.","tags":["L_AudioandVideo","L_OneNoteOptions","L_MicrosoftOfficeOneNote"],"application":"onent16","key":"software\\microsoft\\office\\16.0\\onenote\\options\\audio","valueName":"disablerecording"},{"parentCategory":{"ref":"L_AudioandVideo"},"supportedOn":{"ref":"windows:SUPPORTED_Windows7"},"elements":{"items":[{"valueName":"defaultbitdepth","minValue":8,"minValueSpecified":true,"maxValue":48,"maxValueSpecified":true,"inputType":"decimalTextBox","caption":"Bit:","id":"L_Bits"}]},"name":"L_Specifynumberofbitstosamplewhenrecording","displayName":"Numero di bit per campione utilizzato durante le registrazioni","explainText":"Consente di specificare il numero predefinito di bit per campione utilizzato durante le registrazioni audio. Il valore è espresso in kbps. Se viene individuato il codec appropriato, questo valore viene utilizzato come profondità in bit predefinita nella casella Formato relativa all'audio collegato nella scheda File | Opzioni | Audio e video.","tags":["L_AudioandVideo","L_OneNoteOptions","L_MicrosoftOfficeOneNote"],"application":"onent16","key":"software\\microsoft\\office\\16.0\\onenote\\options\\audio"},{"parentCategory":{"ref":"L_AudioandVideo"},"supportedOn":{"ref":"windows:SUPPORTED_Windows7"},"elements":{"items":[{"valueName":"defaultsamplerate","minValue":8,"minValueSpecified":true,"maxValue":192,"maxValueSpecified":true,"inputType":"decimalTextBox","caption":"Bit/secondo:","id":"L_BitsSecond"}]},"name":"L_Specifyratetosampleaudiobitssecond","displayName":"Frequenza di campionamento utilizzata durante le registrazioni (bit/secondo)","explainText":"Consente di specificare la frequenza di campionamento predefinita utilizzata durante le registrazioni audio. Il valore è espresso in kHz. Se viene individuato il codec appropriato, questo valore viene utilizzato come frequenza di campionamento predefinita nella casella Formato relativa all'audio collegato nella scheda File | Opzioni | Audio e video.","tags":["L_AudioandVideo","L_OneNoteOptions","L_MicrosoftOfficeOneNote"],"application":"onent16","key":"software\\microsoft\\office\\16.0\\onenote\\options\\audio"},{"parentCategory":{"ref":"L_AudioandVideo"},"supportedOn":{"ref":"windows:SUPPORTED_Windows7"},"elements":{"items":[{"valueName":"defaultchannels","minValue":1,"minValueSpecified":true,"maxValue":2,"maxValueSpecified":true,"inputType":"decimalTextBox","caption":"Canali (1-2):","id":"L_Channels12"}]},"name":"L_Specifynumberofchannelstorecord","displayName":"Numero di canali per le registrazioni","explainText":"Consente di specificare se utilizzare 1 o 2 canali durante le registrazioni audio. Se viene individuato il codec appropriato, questo valore viene utilizzato come numero di canali predefinito nella casella Formato relativa all'audio collegato nella scheda File | Opzioni | Audio e video.","tags":["L_AudioandVideo","L_OneNoteOptions","L_MicrosoftOfficeOneNote"],"application":"onent16","key":"software\\microsoft\\office\\16.0\\onenote\\options\\audio"},{"parentCategory":{"ref":"L_AudioandVideo"},"supportedOn":{"ref":"windows:SUPPORTED_Windows7"},"elements":{"items":[{"valueName":"rewind","minValue":0,"minValueSpecified":true,"maxValue":999,"maxValueSpecified":true,"inputType":"decimalTextBox","caption":"Riavvolgi dall'inizio del paragrafo per il seguente numero di secondi","id":"L_Rewindfromstartofparagraphbysec"}]},"name":"L_Rewindfromstartofparagraphbythefollowingnumberofseconds","displayName":"Riavvolgi dall'inizio del paragrafo per il seguente numero di secondi","explainText":"Consente di impostare il valore nell'opzione corrispondente dell'interfaccia utente.","tags":["L_AudioandVideo","L_OneNoteOptions","L_MicrosoftOfficeOneNote"],"application":"onent16","key":"software\\microsoft\\office\\16.0\\onenote\\options\\audio"},{"parentCategory":{"ref":"L_AudioandVideo"},"supportedOn":{"ref":"windows:SUPPORTED_Windows7"},"elements":{"items":[{"item":[{"value":{"string":"Windows Media Video 8 for Color Pocket PCs (150 Kbps)"},"displayName":"Pocket PC a colori (150 Kbps)"},{"value":{"string":"Windows Media Video 8 for Dial-up Modems or Single-channel ISDN (28.8 to 56 Kbps)"},"displayName":"Connessioni tramite modem o ISDN a canale unico (da 28,8 a 56 Kbps)"},{"value":{"string":"Windows Media Video 8 for LAN, Cable Modem, or xDSL (100 to 768 Kbps)"},"displayName":"LAN, modem via cavo o xDSL (da 100 a 768 Kbps)"},{"value":{"string":"Windows Media Video 8 for Dial-up Modems or LAN (28.8 to 100 Kbps)"},"displayName":"Connessioni tramite modem o LAN (da 28,8 a 100 Kbps)"},{"value":{"string":"Windows Media Video 8 for Dial-up Modems (28.8 Kbps)"},"displayName":"Connessioni tramite modem (28,8 Kbps)"},{"value":{"string":"Windows Media Video 8 for Dial-up Modems (56 Kbps)"},"displayName":"Connessioni tramite modem (56 Kbps)"},{"value":{"string":"Windows Media Video 8 for Local Area Network (100 Kbps)"},"displayName":"LAN (100 Kbps)"},{"value":{"string":"Windows Media Video 8 for Local Area Network (256 Kbps)"},"displayName":"LAN (256 Kbps)"},{"value":{"string":"Windows Media Video 8 for Local Area Network (384 Kbps)"},"displayName":"LAN (384 Kbps)"},{"value":{"string":"Windows Media Video 8 for Broadband (NTSC, 700 Kbps)"},"displayName":"Banda larga (NTSC, 700 Kbps)"},{"value":{"string":"Windows Media Video 8 for Broadband (NTSC, 1400 Kbps)"},"displayName":"Banda larga (NTSC, 1400 Kbps)"},{"value":{"string":"Windows Media Video 8 for Broadband (PAL, 384 Kbps)"},"displayName":"Banda larga (PAL, 384 Kbps)"},{"value":{"string":"Windows Media Video 8 for Broadband (PAL, 700 Kbps)"},"displayName":"Banda larga (PAL, 700 Kbps)"}],"valueName":"videocaptureprofile","inputType":"dropdownList","caption":"Selezionare il codec Windows Media Video 8:","id":"L_ChoosetheWindowsMediaVideo8codec"}]},"name":"L_ChoosedefaultcodectobeusedforVideonotebook","displayName":"Codec predefinito da utilizzare per il blocco appunti video","explainText":"Questa opzione consente di impostare il codec predefinito utilizzato da OneNote per le registrazioni video create in OneNote.","tags":["L_AudioandVideo","L_OneNoteOptions","L_MicrosoftOfficeOneNote"],"application":"onent16","key":"software\\microsoft\\office\\16.0\\onenote\\options\\audio"},{"parentCategory":{"ref":"L_Cryptography"},"supportedOn":{"ref":"windows:SUPPORTED_Windows7"},"elements":{"items":[{"valueName":"cipheralgorithm","required":true,"requiredSpecified":true,"expandableSpecified":false,"maxLength":2147483647,"maxLengthSpecified":false,"inputType":"textBox","caption":"Algoritmo crittografia CNG:","id":"L_SetCNGCipherAlgorithmID"}]},"name":"L_SetCNGCipherAlgorithm","displayName":"Imposta algoritmo di crittografia CNG","explainText":"Questa impostazione di criterio consente di configurare l'algoritmo di crittografia CNG da utilizzare.\n\nSe si attiva questa impostazione di criterio, verrà utilizzato l'algoritmo di crittografia specificato, se supportato.\n\nSe si disattiva o non si configura questa impostazione di criterio, verrà utilizzato l'algoritmo AES.","tags":["L_Cryptography","L_Security","L_OneNoteOptions","L_MicrosoftOfficeOneNote"],"application":"onent16","key":"software\\microsoft\\office\\16.0\\onenote\\security\\crypto"},{"parentCategory":{"ref":"L_Cryptography"},"supportedOn":{"ref":"windows:SUPPORTED_Windows7"},"elements":{"items":[{"item":[{"value":{"string":"ChainingModeCBC"},"displayName":"Cipher Block Chaining (CBC)"},{"value":{"string":"ChainingModeCFB"},"displayName":"Cipher Feedback (CFB)"}],"valueName":"cipherchaining","inputType":"dropdownList","id":"L_ConfigureCNGCipherChainingModeDropID"}]},"name":"L_ConfigureCNGCipherChainingMode","displayName":"Configura modalità di concatenamento crittografia CNG","explainText":"Questa impostazione di criterio consente di configurare la modalità di concatenamento crittografia da utilizzare.\n\nSe si attiva questa impostazione di criterio, verrà applicata la modalità di concatenamento crittografia specificata.\n\nSe si disattiva o non si configura questa impostazione di criterio, verrà utilizzata la modalità di concatenamento crittografia CNG predefinita Cipher Block Chaining (CBC).","tags":["L_Cryptography","L_Security","L_OneNoteOptions","L_MicrosoftOfficeOneNote"],"application":"onent16","key":"software\\microsoft\\office\\16.0\\onenote\\security\\crypto"},{"parentCategory":{"ref":"L_Cryptography"},"supportedOn":{"ref":"windows:SUPPORTED_Windows7"},"elements":{"items":[{"valueName":"cipherkeybits","minValue":0,"minValueSpecified":true,"maxValue":1000000,"maxValueSpecified":true,"inputType":"decimalTextBox","caption":"Lunghezza chiave di crittografia","id":"L_SetCNGCipherKeyLengthSpinID"}]},"name":"L_SetCNGCipherKeyLength","displayName":"Imposta lunghezza chiave di crittografia CNG","explainText":"Questa impostazione di criterio consente di configurare il numero di bit da utilizzare per la creazione della chiave di crittografia. Il numero verrà arrotondato per difetto a un multiplo di 8.\n\nSe si attiva questa impostazione di criterio, verranno utilizzati i bit specificati per la chiave.\n\nSe si disattiva o non si configura questa impostazione di criterio, verrà utilizzato il valore predefinito.","tags":["L_Cryptography","L_Security","L_OneNoteOptions","L_MicrosoftOfficeOneNote"],"application":"onent16","key":"software\\microsoft\\office\\16.0\\onenote\\security\\crypto"},{"parentCategory":{"ref":"L_Cryptography"},"supportedOn":{"ref":"windows:SUPPORTED_Windows7"},"elements":{"items":[{"item":[{"value":{"decimal":{"value":0}},"displayName":"Usa formato legacy"},{"value":{"decimal":{"value":1}},"displayName":"Usa formato di prossima generazione"},{"value":{"decimal":{"value":2}},"displayName":"Salva tutti i file con il formato di prossima generazione"}],"valueName":"compatmode","inputType":"dropdownList","id":"L_SpecifyEncryptionCompatibilityDropID"}]},"name":"L_SpecifyEncryptionCompatibility","displayName":"Specifica compatibilità crittografia","explainText":"Questa impostazione di criterio consente di specificare il formato di compatibilità per il database crittografato.\n\nSe si attiva questa impostazione di criterio, il formato di compatibilità specificato verrà applicato durante la crittografia per i nuovi file\n- Usa formato legacy\n- Usa formato di prossima generazione\n- Salva tutti i file con il formato di prossima generazione\n\nSe si disattiva o non si configura questa impostazione di criterio, verrà applicata l'impostazione predefinita \"Usa formato di prossima generazione\".","tags":["L_Cryptography","L_Security","L_OneNoteOptions","L_MicrosoftOfficeOneNote"],"application":"onent16","key":"software\\microsoft\\office\\16.0\\onenote\\security\\crypto"},{"parentCategory":{"ref":"L_Cryptography"},"supportedOn":{"ref":"windows:SUPPORTED_Windows7"},"elements":{"items":[{"valueName":"context","required":true,"requiredSpecified":true,"expandableSpecified":false,"maxLength":2147483647,"maxLengthSpecified":false,"inputType":"textBox","caption":"Parametri","id":"L_SetParametersForCNGContextID"}]},"name":"L_SetParametersForCNGContext","displayName":"Imposta parametri per contesto CNG","explainText":"Questa impostazione di criterio consente di specificare i parametri di crittografia da utilizzare per il contesto CNG. \n\nSe si attiva questa impostazione di criterio, i parametri specificati verranno passati al contesto CNG.\n\nSe si disattiva o non si configura questa impostazione di criterio, verranno utilizzati i valori CNG predefiniti.","tags":["L_Cryptography","L_Security","L_OneNoteOptions","L_MicrosoftOfficeOneNote"],"application":"onent16","key":"software\\microsoft\\office\\16.0\\onenote\\security\\crypto"},{"parentCategory":{"ref":"L_Cryptography"},"supportedOn":{"ref":"windows:SUPPORTED_Windows7"},"elements":{"items":[{"item":[{"value":{"string":"SHA1"},"displayName":"SHA1"},{"value":{"string":"SHA256"},"displayName":"SHA256"},{"value":{"string":"SHA384"},"displayName":"SHA384"},{"value":{"string":"SHA512"},"displayName":"SHA512"}],"valueName":"hashalgorithm","inputType":"dropdownList","id":"L_SpecifyCNGHashAlgorithmDropID"}]},"name":"L_SpecifyCNGHashAlgorithm","displayName":"Specifica algoritmo hash CNG","explainText":"Questa impostazione di criterio consente di specificare l'algoritmo hash da utilizzare.\n\nSe si attiva questa impostazione di criterio, per CNG verrà utilizzato l'algoritmo hash specificato.\n\nSe si disattiva o non si configura questa impostazione di criterio, verrà utilizzato l'algoritmo hash CNG predefinito.","tags":["L_Cryptography","L_Security","L_OneNoteOptions","L_MicrosoftOfficeOneNote"],"application":"onent16","key":"software\\microsoft\\office\\16.0\\onenote\\security\\crypto"},{"parentCategory":{"ref":"L_Cryptography"},"supportedOn":{"ref":"windows:SUPPORTED_Windows7"},"elements":{"items":[{"valueName":"passwordspincount","minValue":0,"minValueSpecified":true,"maxValue":10000000,"maxValueSpecified":true,"inputType":"decimalTextBox","id":"L_SetCNGPasswordSpinCountSpinID"}]},"name":"L_SetCNGPasswordSpinCount","displayName":"Imposta numero spin password CNG","explainText":"Questa impostazione di criterio consente di specificare il numero di spin (rigenerazioni dell'hash) per lo strumento di verifica delle password.\n\nSe si attiva questa impostazione di criterio, il numero specificato corrisponderà al numero di rigenerazioni dell'hash per la password.\n\nSe si disattiva o non si configura questa impostazione di criterio, verrà utilizzato il valore predefinito (100.000).","tags":["L_Cryptography","L_Security","L_OneNoteOptions","L_MicrosoftOfficeOneNote"],"application":"onent16","key":"software\\microsoft\\office\\16.0\\onenote\\security\\crypto"},{"parentCategory":{"ref":"L_Cryptography"},"supportedOn":{"ref":"windows:SUPPORTED_Windows7"},"elements":{"items":[{"valueName":"rngalgorithm","required":true,"requiredSpecified":true,"expandableSpecified":false,"maxLength":2147483647,"maxLengthSpecified":false,"inputType":"textBox","caption":"Generatore di numeri casuali:","id":"L_SpecifyCNGRandomNumberGeneratorAlgorithmID"}]},"name":"L_SpecifyCNGRandomNumberGeneratorAlgorithm","displayName":"Specifica algoritmo di generazione di numeri casuali CNG","explainText":"Questa impostazione di criterio consente di configurare il generatore di numeri casuali CNG da utilizzare.\n\nSe si attiva questa impostazione di criterio, verrà utilizzato il generatore di numeri casuali specificato.\n\nSe si disattiva o non si configura questa impostazione di criterio, verrà utilizzato il generatore di numeri casuali predefinito.","tags":["L_Cryptography","L_Security","L_OneNoteOptions","L_MicrosoftOfficeOneNote"],"application":"onent16","key":"software\\microsoft\\office\\16.0\\onenote\\security\\crypto"},{"parentCategory":{"ref":"L_Cryptography"},"supportedOn":{"ref":"windows:SUPPORTED_Windows7"},"elements":{"items":[{"valueName":"saltbytes","minValue":0,"minValueSpecified":true,"maxValue":5000,"maxValueSpecified":true,"inputType":"decimalTextBox","caption":"Numero di byte","id":"L_SpecifyCNGSaltLengthSpinID"}]},"name":"L_SpecifyCNGSaltLength","displayName":"Specifica lunghezza valore salt CNG","explainText":"Questa impostazione di criterio consente di specificare il numero di byte da utilizzare per il valore salt.\n\nSe si attiva questa impostazione di criterio, verrà utilizzato il numero di byte specificato.\n\nSe si disattiva o non si configura questa impostazione di criterio, verrà utilizzato il valore 16 o la lunghezza predefinita.","tags":["L_Cryptography","L_Security","L_OneNoteOptions","L_MicrosoftOfficeOneNote"],"application":"onent16","key":"software\\microsoft\\office\\16.0\\onenote\\security\\crypto"},{"parentCategory":{"ref":"L_Save"},"supportedOn":{"ref":"windows:SUPPORTED_Windows7"},"elements":{"items":[{"valueName":"notebook root","requiredSpecified":false,"expandableSpecified":false,"maxLength":2147483647,"maxLengthSpecified":false,"inputType":"textBox","caption":"","id":"L_empty1"}]},"name":"L_NotebookRoot","displayName":"Radice blocchi appunti","explainText":"Per cambiare la posizione di archiviazione predefinita per i nuovi blocchi appunti, immettere il percorso di una cartella di Documenti.","tags":["L_Save","L_OneNoteOptions","L_MicrosoftOfficeOneNote"],"application":"onent16","key":"software\\microsoft\\office\\16.0\\onenote\\options\\save"},{"parentCategory":{"ref":"L_Save"},"supportedOn":{"ref":"windows:SUPPORTED_Windows7"},"elements":{"items":[{"valueName":"unfilednotessection","requiredSpecified":false,"expandableSpecified":false,"maxLength":2147483647,"maxLengthSpecified":false,"inputType":"textBox","caption":"Apri note rapide nella sezione seguente:","id":"L_OpenSideNotesinthissection"}]},"name":"L_Locationofunfilednotessection","displayName":"Percorso della sezione Note non archiviate","explainText":"Percorso di archiviazione della sezione Note non archiviate.","tags":["L_Save","L_OneNoteOptions","L_MicrosoftOfficeOneNote"],"application":"onent16","key":"software\\microsoft\\office\\16.0\\onenote\\options\\paths"},{"parentCategory":{"ref":"L_Save"},"supportedOn":{"ref":"windows:SUPPORTED_Windows7"},"elements":{"items":[{"valueName":"backupfolderpath","requiredSpecified":false,"expandableSpecified":false,"maxLength":2147483647,"maxLengthSpecified":false,"inputType":"textBox","caption":"Cartella backup:","id":"L_BackupFolder"}]},"name":"L_LocationofBackupFolder","displayName":"Percorso cartella di backup","explainText":"Consente di impostare il valore nell'opzione corrispondente dell'interfaccia utente.","tags":["L_Save","L_OneNoteOptions","L_MicrosoftOfficeOneNote"],"application":"onent16","key":"software\\microsoft\\office\\16.0\\onenote\\options\\paths"},{"parentCategory":{"ref":"L_Save"},"supportedOn":{"ref":"windows:SUPPORTED_Windows7"},"elements":{"items":[{"valueName":"percentfreespacebeforeoptimize","minValue":0,"minValueSpecified":true,"maxValue":100,"maxValueSpecified":true,"inputType":"decimalTextBox","caption":"Immettere la percentuale:","id":"L_EnterPercentage"}]},"name":"L_Percentageofunuseddiskspacetoallowinsections","displayName":"Percentuale di spazio su disco inutilizzato consentito nelle sezioni","explainText":"Consente di impostare il valore dell'opzione ''Percentuale di spazio su disco inutilizzato consentito nelle sezioni senza ottimizzazione''.","tags":["L_Save","L_OneNoteOptions","L_MicrosoftOfficeOneNote"],"application":"onent16","key":"software\\microsoft\\office\\16.0\\onenote\\options\\save"},{"parentCategory":{"ref":"L_Password"},"supportedOn":{"ref":"windows:SUPPORTED_Windows7"},"enabledValue":{"decimal":{"value":0}},"disabledValue":{"decimal":{"value":1}},"name":"L_Disallowsaddonsaccesstopass","displayName":"Non consentire accesso dei componenti aggiuntivi alle sezioni protette da password","explainText":"Mediante questa opzione, è possibile impedire ai componenti aggiuntivi per l'estendibilità di accedere alle sezioni protette da password sbloccate.","tags":["L_Password","L_OneNoteOptions","L_MicrosoftOfficeOneNote"],"application":"onent16","key":"software\\microsoft\\office\\16.0\\onenote\\security","valueName":"allowaddinaccesstoencryptedfiles"},{"parentCategory":{"ref":"L_Password"},"supportedOn":{"ref":"windows:SUPPORTED_Windows7"},"enabledValue":{"decimal":{"value":1}},"disabledValue":{"decimal":{"value":0}},"name":"L_Disablepasswordprotectedsections","displayName":"Disattivazione sezioni protette da password","explainText":"Mediante questa impostazione, è possibile impedire la creazione di nuove sezioni protette da password. Le sezioni esistenti per le quali è stata impostata una password possono essere comunque sbloccate e modificate.","tags":["L_Password","L_OneNoteOptions","L_MicrosoftOfficeOneNote"],"application":"onent16","key":"software\\microsoft\\office\\16.0\\onenote\\general","valueName":"passwordprotectiondisabled"},{"parentCategory":{"ref":"L_Password"},"supportedOn":{"ref":"windows:SUPPORTED_Windows7"},"enabledValue":{"decimal":{"value":1}},"disabledValue":{"decimal":{"value":0}},"name":"L_LockpasswordprotectedsectionsassoonasInavigateawayfromthem","displayName":"Blocca le sezioni protette da password all'uscita da esse","explainText":"OneNote supporta sezioni protette da password, che vengono sbloccate quando un utente digita la password e possono essere nuovamente bloccate dopo un periodo di timeout specificato o all'uscita dalla sezione. Questa opzione consente di bloccare la sezione all'uscita della sezione protetta da password.","tags":["L_Password","L_OneNoteOptions","L_MicrosoftOfficeOneNote"],"application":"onent16","key":"software\\microsoft\\office\\16.0\\onenote\\security","valueName":"locksectionsimmediately"},{"parentCategory":{"ref":"L_Backup"},"supportedOn":{"ref":"windows:SUPPORTED_Windows7"},"elements":{"items":[{"valueName":"backupnumberofbackupstokeep","minValue":0,"minValueSpecified":true,"maxValue":1000,"maxValueSpecified":true,"inputType":"decimalTextBox","caption":"Numero di copie di backup da mantenere","id":"L_numberofbackupcopiestokeep2"}]},"name":"L_Numberofbackupcopiestokeep","displayName":"Numero di copie di backup da mantenere","explainText":"Consente di impostare il valore nell'opzione corrispondente dell'interfaccia utente.","tags":["L_Backup","L_OneNoteOptions","L_MicrosoftOfficeOneNote"],"application":"onent16","key":"software\\microsoft\\office\\16.0\\onenote\\options\\save"},{"parentCategory":{"ref":"L_SendToOneNote"},"supportedOn":{"ref":"windows:SUPPORTED_Windows7"},"enabledValue":{"decimal":{"value":1}},"disabledValue":{"decimal":{"value":0}},"name":"L_DisableOutlooksendemailtoOneNoteoption","displayName":"Disattivazione opzione per l'invio di messaggi di posta elettronica da Outlook a OneNote","explainText":"Questo criterio consente di disattivare il componente aggiuntivo ''Invia a OneNote'' di OneNote per Microsoft Outlook. Per impostazione predefinita, con OneNote viene installato un componente aggiuntivo nella barra degli strumenti di Outlook che consente l'invio di messaggi di posta elettronica a OneNote. Il pulsante ''Invia a OneNote'' è disponibile nella funzionalità Posta elettronica principale in Outlook e quando si visualizza un messaggio di posta elettronica. È possibile disattivare questa caratteristica con questo criterio.","tags":["L_SendToOneNote","L_OneNoteOptions","L_MicrosoftOfficeOneNote"],"application":"onent16","key":"software\\microsoft\\office\\16.0\\onenote\\options\\outlookandweb","valueName":"disablesendemailtoonenote"},{"parentCategory":{"ref":"L_Addins"},"supportedOn":{"ref":"windows:SUPPORTED_Windows7"},"enabledValue":{"decimal":{"value":1}},"disabledValue":{"decimal":{"value":0}},"name":"L_DisableOneNoteCOMAPI","displayName":"Disattivazione API COM di OneNote","explainText":"Questa impostazione consente di disattivare le applicazioni aggiuntive che utilizzano l'API COM. Si noti che l'attivazione dell'impostazione comporta inoltre la disattivazione delle altre caratteristiche che utilizzano questa API, ad esempio l'invio di informazioni da Outlook a OneNote.","tags":["L_Addins","L_OneNoteOptions","L_MicrosoftOfficeOneNote"],"application":"onent16","key":"software\\microsoft\\office\\16.0\\onenote\\security","valueName":"disablecomapi"},{"parentCategory":{"ref":"L_Addins"},"supportedOn":{"ref":"windows:SUPPORTED_Windows7"},"enabledValue":{"decimal":{"value":1}},"disabledValue":{"decimal":{"value":0}},"name":"L_DisableinstalledOneNoteaddins","displayName":"Disattivazione componenti aggiuntivi di OneNote installati","explainText":"Consente di disattivare tutti i componenti aggiuntivi di OneNote installati.","tags":["L_Addins","L_OneNoteOptions","L_MicrosoftOfficeOneNote"],"application":"onent16","key":"software\\microsoft\\office\\16.0\\onenote\\security","valueName":"disablealladdins"},{"parentCategory":{"ref":"L_Spelling"},"supportedOn":{"ref":"windows:SUPPORTED_Windows7"},"elements":{"items":[{"item":[{"value":{"decimal":{"value":0}},"displayName":"Controllo ortografia disattivato"},{"value":{"decimal":{"value":1}},"displayName":"Controlla ortografia durante la digitazione"},{"value":{"decimal":{"value":2}},"displayName":"Nascondi errori ortografici"},{"value":{"decimal":{"value":3}},"displayName":"Controlla ortografia ma nascondi errori"}],"valueName":"onenotespellingoptions","inputType":"dropdownList","id":"L_empty11"}]},"name":"L_OneNoteSpellingOptions","displayName":"Opzioni controllo ortografia OneNote","explainText":"Queste opzioni consentono di modificare le opzioni \"Impostazioni per la correzione dell'ortografia in OneNote\" visualizzate nella finestra di dialogo scheda File | Opzioni | Strumenti di correzione.","tags":["L_Spelling","L_OneNoteOptions","L_MicrosoftOfficeOneNote"],"application":"onent16","key":"software\\microsoft\\shared tools\\proofing tools\\1.0\\office"},{"parentCategory":{"ref":"L_VersionsAndRecyleBin"},"supportedOn":{"ref":"windows:SUPPORTED_Windows7"},"enabledValue":{"decimal":{"value":0}},"disabledValue":{"decimal":{"value":1}},"name":"L_TurnOffVersionsAndNotebookRecycleBinInSharedNotebooks","displayName":"Disattiva Versioni e Cestino blocco appunti nei blocchi appunti condivisi","explainText":"Questa impostazione di criteri consente di disattivare la cronologia delle versioni e il Cestino del blocco appunti. Con i blocchi appunti nel formato 2016, OneNote archivierà automaticamente le versioni precedenti delle pagine, oltre a un Cestino con tutte le pagine e le sezioni eliminate\n\nSe si abilita questa impostazione di criteri, la cronologia delle versioni verrà disattivata.\n\nSe si disabilita o non si configura questa impostazione di criteri, OneNote archivierà le versioni precedenti per impostazione predefinita.","tags":["L_VersionsAndRecyleBin","L_OneNoteOptions","L_MicrosoftOfficeOneNote"],"application":"onent16","key":"software\\microsoft\\office\\16.0\\onenote\\options\\versions","valueName":"enablehistory"},{"parentCategory":{"ref":"L_VersionsAndRecyleBin"},"supportedOn":{"ref":"windows:SUPPORTED_Windows7"},"enabledValue":{"decimal":{"value":0}},"disabledValue":{"decimal":{"value":1}},"name":"L_DoNotPruneVersionsOverTime","displayName":"Non eliminare versioni nel tempo","explainText":"Questa impostazione di criteri consente di disattivare la caratteristica di eliminazione automatica di OneNote. Con i blocchi appunti nel formato 2016, OneNote archivierà automaticamente le versioni precedenti delle pagine, oltre a un Cestino con tutte le pagine e le sezioni eliminate.\n\nSe si abilita questa impostazione di criteri, OneNote non eliminerà automaticamente le versioni precedenti.\n\nSe si disabilita o non si configura questa impostazione di criteri, OneNote eliminerà automaticamente le versioni precedenti. Per impostazione predefinita, le versioni vengono eliminate nel corso del tempo. È consigliabile abilitare questa impostazione di criteri solo se non si vogliono eliminare le versioni precedenti.","tags":["L_VersionsAndRecyleBin","L_OneNoteOptions","L_MicrosoftOfficeOneNote"],"application":"onent16","key":"software\\microsoft\\office\\16.0\\onenote\\options\\versions","valueName":"pruneversionsovertime"},{"parentCategory":{"ref":"L_VersionsAndRecyleBin"},"supportedOn":{"ref":"windows:SUPPORTED_Windows7"},"elements":{"items":[{"valueName":"daysofallversions","minValue":0,"minValueSpecified":true,"maxValue":365,"maxValueSpecified":true,"inputType":"decimalTextBox","caption":"Giorni trascorsi","id":"L_DaysOfAllVersionsSpinID"}]},"name":"L_DaysOfAllVersions","displayName":"Giorni per cui tutti gli elementi della cronologia delle versioni non verranno eliminati","explainText":"Questa impostazione di criterio consente di specificare un periodo di tempo durante il quale OneNote mantiene pagine della cronologia delle versioni complete. Trascorso il periodo di tempo specificato, OneNote manterrà pagine della cronologia delle versioni di base che utilizzano minore spazio di archiviazione.\n\nSe si abilita questa impostazione di criterio, OneNote manterrà pagine della cronologia delle versioni complete per tutta la durata periodo di tempo specificato, trascorso il quale manterrà pagine della cronologia delle versioni di base.\n\nSe si disabilita o non si configura questa impostazione di criterio, OneNote mantiene pagine della cronologia delle versioni complete per due giorni e successivamente mantiene pagine della cronologia delle versioni di base.\n      ","tags":["L_VersionsAndRecyleBin","L_OneNoteOptions","L_MicrosoftOfficeOneNote"],"application":"onent16","key":"software\\microsoft\\office\\16.0\\onenote\\options\\versions"},{"parentCategory":{"ref":"L_VersionsAndRecyleBin"},"supportedOn":{"ref":"windows:SUPPORTED_Windows7"},"elements":{"items":[{"valueName":"daysofhourlyversions","minValue":0,"minValueSpecified":true,"maxValue":365,"maxValueSpecified":true,"inputType":"decimalTextBox","caption":"Giorni trascorsi","id":"L_DaysOfHourlyVersionsNotToPruneAfterDaysBackSpinID"}]},"name":"L_DaysOfHourlyVersionsNotToPruneAfterDaysBack","displayName":"Giorni versioni orarie da non eliminare dopo Giorni trascorsi","explainText":"Questa impostazione di criteri consente di impostare il numero di versioni orarie da non eliminare dopo il numero di giorni indicato in Giorni trascorsi. Con i blocchi appunti nel formato 2016, OneNote archivierà automaticamente le versioni precedenti delle pagine, oltre a un Cestino con tutte le pagine e le sezioni eliminate.\n\nSe si abilita questa impostazione di criteri, sarà possibile specificare il numero di giorni per i quali le versioni orarie devono essere mantenute dopo che è trascorso il numero di giorni impostato in Giorni trascorsi. Questo valore specifica il numero di giorni successivi a \"DaysOfAllVersions\" per il mantenimento delle informazioni relative alla cronologia delle versioni orarie. Per tale numero di giorni successivi a \"DaysOfAllVersions\" gli utenti potranno mantenere una versione all'ora.\n\nSe si disabilita o non si configura questa impostazione di criteri, le versioni orarie verranno mantenute in OneNote per gli ultimi cinque giorni.","tags":["L_VersionsAndRecyleBin","L_OneNoteOptions","L_MicrosoftOfficeOneNote"],"application":"onent16","key":"software\\microsoft\\office\\16.0\\onenote\\options\\versions"},{"parentCategory":{"ref":"L_VersionsAndRecyleBin"},"supportedOn":{"ref":"windows:SUPPORTED_Windows7"},"elements":{"items":[{"valueName":"maxuniquedayversions","minValue":0,"minValueSpecified":true,"maxValue":365,"maxValueSpecified":true,"inputType":"decimalTextBox","caption":"Numero massimo di versioni","id":"L_MaximumNumberOfOncePerDayVersionHistoryItemsKeptSpinID"}]},"name":"L_MaximumNumberOfOncePerDayVersionHistoryItemsKept","displayName":"Numero massimo elementi giornalieri cronologia versioni mantenuti","explainText":"Questa impostazione di criteri consente di impostare il numero di elementi giornalieri della cronologia da mantenere per ogni pagina. Con i blocchi appunti nel formato 2016, OneNote archivierà automaticamente le versioni precedenti delle pagine, oltre a un Cestino con tutte le pagine e le sezioni eliminate.\n\nSe si abilita questa impostazione di criteri, sarà possibile impostare il numero di versioni giornaliere da mantenere. Se si imposta il valore -1, OneNote conserverà tutti gli elementi giornalieri della cronologia delle versioni.\n\nSe si disabilita o non si configura questa impostazione di criteri, OneNote verrà conserverà una pagina al giorno per gli ultimi 10 giorni trascorsi.","tags":["L_VersionsAndRecyleBin","L_OneNoteOptions","L_MicrosoftOfficeOneNote"],"application":"onent16","key":"software\\microsoft\\office\\16.0\\onenote\\options\\versions"},{"parentCategory":{"ref":"L_VersionsAndRecyleBin"},"supportedOn":{"ref":"windows:SUPPORTED_Windows7"},"elements":{"items":[{"valueName":"deleteallversionsafter","minValue":0,"minValueSpecified":true,"maxValue":365,"maxValueSpecified":true,"inputType":"decimalTextBox","caption":"Giorni trascorsi di cui mantenere le versioni","id":"L_DaysBackToKeepInVersionHistorySpinID"}]},"name":"L_DaysBackToKeepInVersionHistory","displayName":"Giorni trascorsi da mantenere nella cronologia versioni","explainText":"Questa impostazione di criteri consente di impostare il numero di giorni trascorsi i quali tutti gli elementi della cronologia delle versioni creati prima di tale valore verranno eliminati. Con i blocchi appunti nel formato 2016, OneNote archivierà automaticamente le versioni precedenti delle pagine, oltre a un Cestino con tutte le pagine e le sezioni eliminate.\n\nSe si abilita questa impostazione di criteri, sarà possibile impostare il numero di giorni trascorsi i quali eliminare la cronologia delle versioni.\n\nSe si disabilita o non si configura questa impostazione di criteri, OneNote conserverà tutte le versioni di tutti i giorni del passato per impostazione predefinita. Questo comportamento corrisponde al valore predefinito -1.","tags":["L_VersionsAndRecyleBin","L_OneNoteOptions","L_MicrosoftOfficeOneNote"],"application":"onent16","key":"software\\microsoft\\office\\16.0\\onenote\\options\\versions"},{"parentCategory":{"ref":"L_VersionsAndRecyleBin"},"supportedOn":{"ref":"windows:SUPPORTED_Windows7"},"elements":{"items":[{"valueName":"daystokeeprecycleditems","minValue":0,"minValueSpecified":true,"maxValue":365,"maxValueSpecified":true,"inputType":"decimalTextBox","caption":"Giorni trascorsi di cui mantenere gli elementi nel Cestino","id":"L_DaysBackToKeepItemsInRecycleBinSpinID"}]},"name":"L_DaysBackToKeepItemsInRecycleBin","displayName":"Giorni trascorsi di cui mantenere gli elementi nel Cestino","explainText":"Questa impostazione di criteri consente di impostare il numero di giorni prima dei quali tutti gli elementi aggiunti al Cestino verranno eliminati al momento dell'eliminazione della cronologia delle versioni. Con i blocchi appunti nel formato 2016, OneNote archivierà automaticamente le versioni precedenti delle pagine, oltre a un Cestino con tutte le pagine e le sezioni eliminate.\n\nSe si abilita questa impostazione di criteri, sarà possibile impostare il numero di giorni precedenti per cui mantenere gli elementi del Cestino.\n\nSe non si configura questa impostazione di criteri, OneNote userà il valore predefinito di 60 giorni trascorsi.","tags":["L_VersionsAndRecyleBin","L_OneNoteOptions","L_MicrosoftOfficeOneNote"],"application":"onent16","key":"software\\microsoft\\office\\16.0\\onenote\\options\\versions"},{"parentCategory":{"ref":"L_Other"},"supportedOn":{"ref":"windows:SUPPORTED_Windows7"},"elements":{"items":[{"valueName":"folderpollinterval","minValue":1,"minValueSpecified":true,"maxValue":3600,"maxValueSpecified":true,"inputType":"decimalTextBox","caption":"Intervallo polling del server (in secondi)","id":"L_SetUNCIntervalToPollForChangesOnFileServersSpinID"}]},"name":"L_SetUNCIntervalToPollForChangesOnFileServers","displayName":"Imposta intervallo UNC per il polling delle modifiche nei file server","explainText":"Questa impostazione di criterio consente di modificare l'intervallo di sincronizzazione in base al quale in OneNote viene eseguito il polling delle modifiche nel server. Quando viene eseguita la sincronizzazione di un blocco appunti in base alla convenzione UNC, nota anche come SMB o Condivisione file, OneNote riceve notifiche dal file server ed esegue il polling del server per cercare nuovi aggiornamenti.\n\nSe si rende più breve l'intervallo, la sincronizzazione eseguita da OneNote sarà più rapida ma potrà causare problemi di prestazioni del server.\n\nSe si attiva questa impostazione di criterio, sarà possibile specificare il numero di secondi per la durata del polling eseguito da OneNote.\n\nSe si disattiva o non si configura questa impostazione di criterio, il polling di OneNote verrà eseguito automaticamente ogni 30 secondi.","tags":["L_Other","L_OneNoteOptions","L_MicrosoftOfficeOneNote"],"application":"onent16","key":"software\\microsoft\\office\\16.0\\onenote\\options\\save"},{"parentCategory":{"ref":"L_Other"},"supportedOn":{"ref":"windows:SUPPORTED_Windows7"},"enabledValue":{"decimal":{"value":0}},"disabledValue":{"decimal":{"value":1}},"name":"L_TurnOffOneNoteAutoLinkedNoteTaking","displayName":"Disattiva creazione note collegate automaticamente in OneNote","explainText":"Questa impostazione di criterio consente di disattivare la caratteristica di creazione di note collegate automaticamente, grazie alla quale è possibile creare note in elementi quali pagine Web, documenti di Word e così via. In OneNote vengono registrate automaticamente le pagine o i documenti visualizzati al momento della creazione della nota corrispondente.\n\nSe si attiva questa impostazione di criterio, in OneNote le note non verranno collegate automaticamente quando questa caratteristica viene avviata.\n\nSe si disattiva o non si attiva questo criterio, in OneNote le note verranno collegate automaticamente quando questa caratteristica viene attivata.","tags":["L_Other","L_OneNoteOptions","L_MicrosoftOfficeOneNote"],"application":"onent16","key":"software\\microsoft\\office\\16.0\\onenote\\options\\linkednotes","valueName":"autolink"},{"parentCategory":{"ref":"L_Other"},"supportedOn":{"ref":"windows:SUPPORTED_Windows7"},"enabledValue":{"decimal":{"value":1}},"disabledValue":{"decimal":{"value":0}},"name":"L_DisableOCR","displayName":"Disattiva OCR","explainText":"Questo criterio disattiva la caratteristica di OneNote per il riconoscimento ottico dei caratteri (OCR), che consente la ricerca automatica del testo nelle immagini e la visualizzazione del testo trovato nei risultati della ricerca.","tags":["L_Other","L_OneNoteOptions","L_MicrosoftOfficeOneNote"],"application":"onent16","key":"software\\microsoft\\office\\16.0\\onenote\\options\\other","valueName":"disableocr"},{"parentCategory":{"ref":"L_Other"},"supportedOn":{"ref":"windows:SUPPORTED_Windows7"},"elements":{"items":[{"valueName":"blockedextensions","requiredSpecified":false,"expandableSpecified":false,"maxLength":2147483647,"maxLengthSpecified":false,"inputType":"textBox","caption":"","id":"L_empty12"}]},"name":"L_EmbeddedFilesBlockedExtensions","displayName":"Estensioni bloccate file incorporati","explainText":"Per impedire agli utenti dell'organizzazione di aprire un file allegato di un tipo specifico da una pagina di Microsoft OneNote, è possibile aggiungere le estensioni dei tipi di file che si desidera disattivare nel formato seguente: \".est1;.est2;\". Se si desidera disattivare l'apertura di qualsiasi tipo di allegato da una pagina di OneNote, vedere il criterio Disattivazione file incorporati. Con questo criterio non è possibile bloccare le registrazioni audio e video incorporate (WMA e WMV).","tags":["L_Other","L_OneNoteOptions","L_MicrosoftOfficeOneNote"],"application":"onent16","key":"software\\microsoft\\office\\16.0\\onenote\\options\\embeddedfileopenoptions"},{"parentCategory":{"ref":"L_Other"},"supportedOn":{"ref":"windows:SUPPORTED_Windows7"},"elements":{"items":[{"valueName":"addnotebooks","requiredSpecified":false,"expandableSpecified":false,"maxLength":2147483647,"maxLengthSpecified":false,"inputType":"textBox","caption":"","id":"L_empty13"}]},"name":"L_Loadanotebookonfirstboot","displayName":"Caricamento blocco appunti al primo avvio","explainText":"Consente di puntare a una cartella contenente un blocco appunti da caricare al primo avvio.","tags":["L_Other","L_OneNoteOptions","L_MicrosoftOfficeOneNote"],"application":"onent16","key":"software\\microsoft\\office\\16.0\\onenote\\options\\other"},{"parentCategory":{"ref":"L_Other"},"supportedOn":{"ref":"windows:SUPPORTED_Windows7"},"enabledValue":{"decimal":{"value":1}},"disabledValue":{"decimal":{"value":0}},"name":"L_Disableembeddedfiles","displayName":"Disattivazione file incorporati","explainText":"Mediante questa impostazione, è possibile impedire che i file vengano incorporati in una pagina di OneNote. In questo modo gli utenti non potranno trasmettere file che potrebbero non essere rilevati da software antivirus. Nota: questo criterio si applica solo ai file incorporati nell'interfaccia utente di OneNote. Se una pagina contiene file incorporati, tali file verranno sincronizzati e replicati nel file system.","tags":["L_Other","L_OneNoteOptions","L_MicrosoftOfficeOneNote"],"application":"onent16","key":"software\\microsoft\\office\\16.0\\onenote\\options","valueName":"disableembeddedfiles"},{"parentCategory":{"ref":"L_Other"},"supportedOn":{"ref":"windows:SUPPORTED_Windows7"},"enabledValue":{"decimal":{"value":1}},"disabledValue":{"decimal":{"value":0}},"name":"L_DisableOneNotescreenclippingnotifications","displayName":"Disattivazione notifiche di ritagli schermata","explainText":"Consente di disattivare tutte le notifiche relative ai ritagli di schermata di OneNote.","tags":["L_Other","L_OneNoteOptions","L_MicrosoftOfficeOneNote"],"application":"onent16","key":"software\\microsoft\\office\\16.0\\onenote\\options\\other","valueName":"disablescreenclippingballoon"},{"parentCategory":{"ref":"L_Other"},"supportedOn":{"ref":"windows:SUPPORTED_Windows7"},"enabledValue":{"decimal":{"value":1}},"disabledValue":{"decimal":{"value":0}},"name":"L_DisableOneNoteScreenClippings","displayName":"Disattivazione ritagli della schermata in OneNote","explainText":"Consente di disattivare la caratteristica per i ritagli della schermata in OneNote.","tags":["L_Other","L_OneNoteOptions","L_MicrosoftOfficeOneNote"],"application":"onent16","key":"software\\microsoft\\office\\16.0\\onenote\\options\\other","valueName":"disablescreenclippings"},{"parentCategory":{"ref":"L_Other"},"supportedOn":{"ref":"windows:SUPPORTED_Windows7"},"elements":{"items":[{"valueName":"inaccessibleserverdaysbeforewarn","minValue":0,"minValueSpecified":true,"maxValue":30,"maxValueSpecified":true,"inputType":"decimalTextBox","id":"L_empty14"}]},"name":"L_Numberofdaysbeforewarningthatserveris","displayName":"Numero di giorni dopo il quale verrà visualizzato un avviso relativo all'inaccessibilità del server","explainText":"Consente di impostare il numero di giorni dopo il quale verrà visualizzato un avviso che informa che il server è inaccessibile e chiede di specificare un nuovo percorso per i file interessati.","tags":["L_Other","L_OneNoteOptions","L_MicrosoftOfficeOneNote"],"application":"onent16","key":"software\\microsoft\\office\\16.0\\onenote\\options\\synchronization"},{"parentCategory":{"ref":"L_Other"},"supportedOn":{"ref":"windows:SUPPORTED_Windows7"},"elements":{"items":[{"valueName":"sharepointsyncinterval","minValue":10,"minValueSpecified":true,"maxValue":604800,"maxValueSpecified":true,"inputType":"decimalTextBox","id":"L_empty15"}]},"name":"L_SharePointsyncinterval","displayName":"Intervallo di sincronizzazione per i blocchi appunti memorizzati in SharePoint","explainText":"Consente di limitare il numero di polling eseguiti in un sito di SharePoint per verificare la presenze di modifiche. Immettere l'intervallo di sincronizzazione in secondi.","tags":["L_Other","L_OneNoteOptions","L_MicrosoftOfficeOneNote"],"application":"onent16","key":"software\\microsoft\\office\\16.0\\onenote\\options\\save"},{"parentCategory":{"ref":"L_Other"},"supportedOn":{"ref":"windows:SUPPORTED_Windows7"},"elements":{"items":[{"valueName":"sharepointbackgroundsyncintervalmultiplier","minValue":1,"minValueSpecified":true,"maxValue":10,"maxValueSpecified":true,"inputType":"decimalTextBox","id":"L_empty16"}]},"name":"L_SharePointbackgroundsyncintervalmultiplier","displayName":"Moltiplicatore per l’intervallo di sincronizzazione in background per i blocchi appunti archiviati in SharePoint","explainText":"Questa impostazione dei criteri consente di aumentare l'intervallo tra i sondaggi in background di un sito di SharePoint per le modifiche ai blocchi appunti.\n\nSe si abilita questa impostazione dei criteri, OneNote effettuerà i sondaggi di SharePoint meno frequentemente per le modifiche agli interi blocchi appunti. Gli intervalli vengono moltiplicati per il valore immesso: un valore intero positivo compreso tra 1 e 10. Gli intervalli più ampi rallenteranno la sincronizzazione delle sezioni ma riducono il carico del server.\n\nSe si disabilita o non si configura questa impostazione dei criteri, OneNote sincronizzerà i blocchi appunti in base alla frequenza predefinita (valore moltiplicatore 1).\n\nNota: questa impostazione dei criteri si applica solo alle versioni con contratto multilicenza di Office 2016 che usano Windows Installer (MSI), ad esempio Office Professional Plus 2016 e Office Standard 2016.","tags":["L_Other","L_OneNoteOptions","L_MicrosoftOfficeOneNote"],"application":"onent16","key":"software\\microsoft\\office\\16.0\\onenote\\options\\save"},{"parentCategory":{"ref":"L_Other"},"supportedOn":{"ref":"windows:SUPPORTED_Windows7"},"elements":{"items":[{"valueName":"sharepointlivesyncintervalmultiplier","minValue":1,"minValueSpecified":true,"maxValue":10,"maxValueSpecified":true,"inputType":"decimalTextBox","id":"L_empty17"}]},"name":"L_SharePointlivesyncintervalmultiplier","displayName":"Moltiplicatore per l'intervallo di sincronizzazione in primo piano per la sezione attualmente visualizzata archiviata in SharePoint","explainText":"Questa impostazione dei criteri consente di aumentare l'intervallo tra i sondaggi in primo piano di un sito di SharePoint per le modifiche alla sezione attualmente visualizzata.\n\nSe si abilita questa impostazione dei criteri, OneNote effettuerà i sondaggi di SharePoint meno frequentemente per le modifiche alla sezione visualizzata. Gli intervalli vengono moltiplicati per il valore immesso: un valore intero positivo compreso tra 1 e 10. Gli intervalli più ampi rallenteranno la sincronizzazione delle sezioni ma riducono il carico del server.\n\nSe si disabilita o non si configura questa impostazione dei criteri, OneNote sincronizzerà la sezione attualmente visualizzata in base alla frequenza predefinita (valore moltiplicatore 1).\n\nNota: questa impostazione dei criteri si applica solo alle versioni con contratto multilicenza di Office 2016 che usano Windows Installer (MSI), ad esempio Office Professional Plus 2016 e Office Standard 2016.","tags":["L_Other","L_OneNoteOptions","L_MicrosoftOfficeOneNote"],"application":"onent16","key":"software\\microsoft\\office\\16.0\\onenote\\options\\save"},{"parentCategory":{"ref":"L_Other"},"supportedOn":{"ref":"windows:SUPPORTED_Windows7"},"elements":{"items":[{"valueName":"sharepointpresenceintervalmultiplier","minValue":1,"minValueSpecified":true,"maxValue":10,"maxValueSpecified":true,"inputType":"decimalTextBox","id":"L_empty18"}]},"name":"L_SharePointpresenceintervalmultiplier","displayName":"Moltiplicatore per l’intervallo di sincronizzazione della presenza per i blocchi appunti archiviati in SharePoint","explainText":"Questa impostazione dei criteri consente di aumentare l'intervallo tra i sondaggi di SharePoint per determinare gli utenti attivi dei blocchi appunti. OneNote sincronizzerà i blocchi appunti con una frequenza maggiore quando altri utenti interagiscono con un blocco appunti.\n\nSe si abilita questa impostazione dei criteri, OneNote effettuerà i sondaggi di SharePoint meno frequentemente per determinare se esistono altri utenti che interagiscono con i blocchi appunti. Gli intervalli vengono moltiplicati per il valore immesso: un valore intero positivo compreso tra 1 e 10. Gli intervalli più ampi rallenteranno il rilevamento di utenti simultanei nei blocchi appunti, ma riducono il carico del server.\n\nSe si disabilita o non si configura questa impostazione dei criteri, OneNote eseguirà i sondaggi degli utenti attivi dei blocchi appunti in base alla frequenza predefinita (valore moltiplicatore 1). \n\nNota: questa impostazione dei criteri si applica solo alle versioni con contratto multilicenza di Office 2016 che usano Windows Installer (MSI), ad esempio Office Professional Plus 2016 e Office standard 2016.","tags":["L_Other","L_OneNoteOptions","L_MicrosoftOfficeOneNote"],"application":"onent16","key":"software\\microsoft\\office\\16.0\\onenote\\options\\save"},{"parentCategory":{"ref":"L_Other"},"supportedOn":{"ref":"windows:SUPPORTED_Windows7"},"elements":{"items":[{"item":[{"value":{"decimal":{"value":0}},"displayName":"Pollici"},{"value":{"decimal":{"value":1}},"displayName":"Centimetri"},{"value":{"decimal":{"value":2}},"displayName":"Millimetri"},{"value":{"decimal":{"value":3}},"displayName":"Punti"},{"value":{"decimal":{"value":4}},"displayName":"Pica"}],"valueName":"measurementunit","inputType":"dropdownList","caption":"Specificare l'unità di misura predefinita:","id":"L_Specifydefaultunitofmeasurement"}]},"name":"L_DefaultunitofmeasurementusedinOneNote","displayName":"Unità di misura predefinita utilizzata in OneNote","explainText":"Consente di impostare il valore dell'opzione ''Unità di misura''.","tags":["L_Other","L_OneNoteOptions","L_MicrosoftOfficeOneNote"],"application":"onent16","key":"software\\microsoft\\office\\16.0\\onenote\\options\\other"},{"parentCategory":{"ref":"L_Other"},"supportedOn":{"ref":"windows:SUPPORTED_Windows7"},"enabledValue":{"decimal":{"value":1}},"disabledValue":{"decimal":{"value":0}},"name":"L_AddOneNoteicontonotificationarea","displayName":"Aggiunta icona di OneNote nell'area di notifica","explainText":"Consente di selezionare/deselezionare l'opzione ''Aggiungi icona di OneNote nell'area di notifica sulla barra delle applicazioni''.","tags":["L_Other","L_OneNoteOptions","L_MicrosoftOfficeOneNote"],"application":"onent16","key":"software\\microsoft\\office\\16.0\\onenote\\options\\other","valueName":"runsystemtrayapp"},{"parentCategory":{"ref":"L_Other"},"supportedOn":{"ref":"windows:SUPPORTED_Windows7"},"enabledValue":{"decimal":{"value":0}},"disabledValue":{"decimal":{"value":1}},"name":"L_NotebookPresence","displayName":"Presenza blocco appunti","explainText":"Questa impostazione di criterio attiva o disattiva la funzionalità Presenza blocco appunti in OneNote, che trasmette informazioni sulla presenza dell'utente all'interno di un blocco appunti e consente la sincronizzazione in tempo reale per gli utenti che stanno modificando la stessa pagina. Nota: qualsiasi modifica apportata a questo criterio non ha effetto fino al riavvio di OneNote.\n\nSe si attiva o non si configura questa impostazione di criterio, gli utenti vengono informati quando stanno modificando la stessa pagina in un blocco appunti. Quando rileva più utenti che modificano la stessa pagina, OneNote avvia la sincronizzazione in tempo reale. \n\nSe si disattiva questa impostazione di criterio, gli utenti non riceveranno una notifica quando modificano la stessa pagina in un blocco appunti e OneNote non avvierà la sincronizzazione in tempo reale quando più utenti modificano la stessa pagina.","tags":["L_Other","L_OneNoteOptions","L_MicrosoftOfficeOneNote"],"application":"onent16","key":"software\\microsoft\\office\\16.0\\onenote\\options","valueName":"disablepresence"},{"parentCategory":{"ref":"L_Other"},"supportedOn":{"ref":"windows:SUPPORTED_Windows7"},"elements":{"items":[{"valueName":"insertedfilesdisallowembeddingsizethreshold","minValue":10485760,"minValueSpecified":true,"maxValue":2147483648,"maxValueSpecified":true,"inputType":"decimalTextBox","id":"L_EmbeddedFileSizeLimit"}]},"name":"L_SpecifyEmbeddedFileSizeLimit","displayName":"Limite di dimensione file incorporati","explainText":"Questa impostazione di criterio consente di specificare la dimensione massima dei file incorporati che gli utenti possono inserire direttamente in un blocco appunti di OneNote su un server SharePoint.\n \nSe si attiva questa impostazione di criterio, è possibile aumentare o ridurre la dimensione massima predefinita di 50 MB. \n\nSe si aumenta tale valore, gli utenti possono inserire file di dimensioni superiori direttamente nel blocco appunti, ma questo potrebbe ridurre le prestazioni del server. \n\nSe si riduce questo valore, gli utenti possono inserire solo file di dimensioni inferiori direttamente nel blocco appunti, cosa che potrebbe migliorare le prestazioni del server se la sincronizzazione di OneNote genera una grande quantità di traffico.\n\nSe si disattiva o non si configura questa impostazione di criterio, gli utenti non possono inserire un file di dimensioni superiori a 50 MB in un blocco appunti di OneNote. Il file viene invece caricato in una cartella di SharePoint e inserito come collegamento ipertestuale nel blocco appunti.","tags":["L_Other","L_OneNoteOptions","L_MicrosoftOfficeOneNote"],"application":"onent16","key":"software\\microsoft\\office\\16.0\\onenote\\general"},{"parentCategory":{"ref":"L_Other"},"supportedOn":{"ref":"windows:SUPPORTED_Windows_6_3_NOARM"},"enabledValue":{"decimal":{"value":1}},"disabledValue":{"decimal":{"value":0}},"name":"L_DisableSupportDiagnostics","displayName":"Disattivare diagnostica di supporto in OneNote","explainText":"Questa impostazione dei criteri controlla se OneNote invia informazioni sul client ai servizi di supporto in caso di errore.\n\nL'invio di informazioni sul client ai servizi di supporto in caso di errore può consentire di diagnosticare il problema, fornire i passaggi per la risoluzione o visualizzare messaggi di errore contestuali all'utente.\n\nSe si abilita questa impostazione dei criteri, OneNote non invierà informazioni sul client ai servizi di supporto in caso di errore.\n\nSe si disabilita o non si configura questa impostazione dei criteri, OneNote invierà informazioni sul client ai servizi di supporto in caso di errore.\n\nNota: questa impostazione dei criteri si applica solo alla versione 2207 e successive del OneNote.","tags":["L_Other","L_OneNoteOptions","L_MicrosoftOfficeOneNote"],"application":"onent16","key":"software\\microsoft\\office\\16.0\\onenote\\general","valueName":"disablesupportdiagnostics"},{"parentCategory":{"ref":"L_Advanced"},"supportedOn":{"ref":"windows:SUPPORTED_Windows7"},"enabledList":[{"value":{"string":"true"},"valueName":"Microsoft.Office.UXPlatform.FluentSVRefresh"},{"value":{"string":"true"},"valueName":"Microsoft.Office.UXPlatform.RibbonTouchOptimization"},{"value":{"string":"true"},"valueName":"Microsoft.Office.UXPlatform.FluentSVRibbonOptionsMenu"}],"disabledList":[{"value":{"string":"false"},"valueName":"Microsoft.Office.UXPlatform.FluentSVRefresh"},{"value":{"string":"false"},"valueName":"Microsoft.Office.UXPlatform.RibbonTouchOptimization"},{"value":{"string":"false"},"valueName":"Microsoft.Office.UXPlatform.FluentSVRibbonOptionsMenu"}],"name":"L_onenoteVisualRefresh","displayName":"Impostazioni di aggiornamento visivo","explainText":"Abilita o disabilita l'aggiornamento visivo. potrebbe non funzionare per alcune versioni di Office.\n\nDati forniti da Office Tool Plus.","tags":["L_Advanced"],"application":"onent16","key":"Software\\Microsoft\\Office\\16.0\\Common\\ExperimentConfigs\\ExternalFeatureOverrides\\onenote"}]}