{"categories":[{"name":"L_MicrosoftVisio","displayName":"Microsoft Visio 2016"},{"parentCategory":{"ref":"L_MicrosoftVisio"},"name":"L_VisioOptions","displayName":"Opzioni di Visio"},{"parentCategory":{"ref":"L_VisioOptions"},"name":"L_General","displayName":"Generale"},{"parentCategory":{"ref":"L_General"},"name":"L_UserInterfaceOptions","displayName":"Opzioni interfaccia utente"},{"parentCategory":{"ref":"L_VisioOptions"},"name":"L_Save","displayName":"Salva"},{"parentCategory":{"ref":"L_Save"},"name":"L_OfflineEditing","displayName":"Modifica offline"},{"parentCategory":{"ref":"L_Save"},"name":"L_SaveDocuments","displayName":"Salvataggio documenti"},{"parentCategory":{"ref":"L_VisioOptions"},"name":"L_Proofing","displayName":"Strumenti di correzione"},{"parentCategory":{"ref":"L_Proofing"},"name":"L_AutoCorrectOptions","displayName":"Opzioni correzione automatica"},{"parentCategory":{"ref":"L_VisioOptions"},"name":"L_OptionsCustomizeRibbon","displayName":"Personalizzazione barra multifunzione"},{"parentCategory":{"ref":"L_VisioOptions"},"name":"L_Security","displayName":"Sicurezza"},{"parentCategory":{"ref":"L_Security"},"name":"L_TrustCenter","displayName":"Centro protezione"},{"parentCategory":{"ref":"L_TrustCenter"},"name":"L_FileBlockSettings","displayName":"Impostazioni tipi file"},{"parentCategory":{"ref":"L_Security"},"name":"L_MacroSecurity","displayName":"Sicurezza macro"},{"parentCategory":{"ref":"L_VisioOptions"},"name":"L_Advanced","displayName":"Avanzate"},{"parentCategory":{"ref":"L_Advanced"},"name":"L_FileLocations","displayName":"Directory predefinite"},{"parentCategory":{"ref":"L_Advanced"},"name":"L_Display","displayName":"Visualizzazione"},{"parentCategory":{"ref":"L_Advanced"},"name":"L_EditingOptions","displayName":"Opzioni di modifica"},{"parentCategory":{"ref":"L_Advanced"},"name":"L_SaveOpen","displayName":"Salvataggio/Apertura"},{"parentCategory":{"ref":"L_Advanced"},"name":"L_ShapeSearch","displayName":"Cerca forme"},{"parentCategory":{"ref":"L_Advanced"},"name":"L_GeneralOptions","displayName":"Opzioni generali"},{"parentCategory":{"ref":"L_MicrosoftVisio"},"name":"L_Customizableerrormessages","displayName":"Messaggi di errore personalizzabili"},{"parentCategory":{"ref":"L_MicrosoftVisio"},"name":"L_Disableitemsinuserinterface","displayName":"Disattiva elementi nell'interfaccia utente"},{"parentCategory":{"ref":"L_Disableitemsinuserinterface"},"name":"L_Custom","displayName":"Personalizzati"},{"parentCategory":{"ref":"L_MicrosoftVisio"},"name":"L_Miscellaneous","displayName":"Varie"}],"policies":[{"parentCategory":{"ref":"L_Display"},"supportedOn":{"ref":"windows:SUPPORTED_Windows7"},"enabledValue":{"string":"0"},"disabledValue":{"string":"1"},"name":"L_PreventShowingNewScreenOnLaunch","displayName":"Impedisci visualizzazione schermata Nuovo all'avvio","explainText":"Questo criterio consente di impedire la visualizzazione della schermata Nuovo all'avvio di Visio.\n\nSe si attiva questa impostazione di criterio, la schermata Nuovo non verrà visualizzata all'avvio.\n\nSe si disattiva o non si configura questa impostazione di criterio, all'apertura di Visio sarà visualizzata la schermata Nuovo con un catalogo di modelli.","tags":["L_Display","L_Advanced","L_VisioOptions","L_MicrosoftVisio"],"application":"visio16","key":"software\\microsoft\\office\\16.0\\visio\\application","valueName":"showtemplatepanebydefault"},{"parentCategory":{"ref":"L_Display"},"supportedOn":{"ref":"windows:SUPPORTED_Windows7"},"enabledValue":{"string":"1"},"disabledValue":{"string":"0"},"name":"L_SmartTags","displayName":"Azioni","explainText":"Consente di visualizzare le azioni aggiuntive al passaggio del mouse nel disegno.","tags":["L_Display","L_Advanced","L_VisioOptions","L_MicrosoftVisio"],"application":"visio16","key":"software\\microsoft\\office\\16.0\\visio\\application","valueName":"showsmarttags"},{"parentCategory":{"ref":"L_Display"},"supportedOn":{"ref":"windows:SUPPORTED_Windows7"},"enabledValue":{"string":"1"},"disabledValue":{"string":"0"},"name":"L_StencilwindowScreenTips","displayName":"Suggerimenti su schermo nella finestra degli stencil","explainText":"Consente di specificare se si desidera attivare i suggerimenti su schermo, ovvero i suggerimenti visualizzati quando si posiziona il puntatore del mouse su determinati elementi in Visio, come le forme master degli stencil, i pulsanti della barra degli strumenti e il righello. I suggerimenti su schermo risultano utili per individuare le forme nella finestra degli stencil.","tags":["L_Display","L_Advanced","L_VisioOptions","L_MicrosoftVisio"],"application":"visio16","key":"software\\microsoft\\office\\16.0\\visio\\application","valueName":"tipsstencil"},{"parentCategory":{"ref":"L_Display"},"supportedOn":{"ref":"windows:SUPPORTED_Windows7"},"elements":{"items":[{"item":[{"value":{"string":"51"},"displayName":"Pica"},{"value":{"string":"50"},"displayName":"Punti"},{"value":{"string":"54"},"displayName":"Cicero"},{"value":{"string":"53"},"displayName":"Didot"}],"valueName":"measurementsystem_text","inputType":"dropdownList","caption":"Testo","id":"L_text7"}]},"name":"L_Text","displayName":"Testo","explainText":"Consente di specificare le unità di misura per rientri, interlinea e altre caratteristiche del testo. L'unità di misura predefinita per la dimensione dei caratteri è il punto (1 punto = 0,35 mm). È tuttavia possibile immettere le dimensioni dei caratteri anche in unità di misura diverse, ad esempio 2,5 cm o 25 mm, ma non è possibile modificare l'impostazione predefinita.","tags":["L_Display","L_Advanced","L_VisioOptions","L_MicrosoftVisio"],"application":"visio16","key":"software\\microsoft\\office\\16.0\\visio\\document"},{"parentCategory":{"ref":"L_Display"},"supportedOn":{"ref":"windows:SUPPORTED_Windows7"},"elements":{"items":[{"item":[{"value":{"string":"81"},"displayName":"Gradi"},{"value":{"string":"82"},"displayName":"°-Min-Sec"},{"value":{"string":"84"},"displayName":"Min-Sec"},{"value":{"string":"85"},"displayName":"Secondi"},{"value":{"string":"83"},"displayName":"Radianti"}],"valueName":"measurementsystem_angle","inputType":"dropdownList","caption":"Angolo","id":"L_angle8"}]},"name":"L_Angle","displayName":"Angolo","explainText":"Consente di specificare l'unità di misura dell'angolo di rotazione.","tags":["L_Display","L_Advanced","L_VisioOptions","L_MicrosoftVisio"],"application":"visio16","key":"software\\microsoft\\office\\16.0\\visio\\document"},{"parentCategory":{"ref":"L_Display"},"supportedOn":{"ref":"windows:SUPPORTED_Windows7"},"elements":{"items":[{"item":[{"value":{"string":"43"},"displayName":"Settimane"},{"value":{"string":"44"},"displayName":"Giorni"},{"value":{"string":"45"},"displayName":"Ore"},{"value":{"string":"46"},"displayName":"Minuti"},{"value":{"string":"47"},"displayName":"Secondi"}],"valueName":"measurementsystem_duration","inputType":"dropdownList","caption":"Durata","id":"L_duration9"}]},"name":"L_Duration","displayName":"Durata","explainText":"Consente di specificare l'unità di misura della durata, che corrisponde al tempo trascorso in relazione a una data specifica oppure a una determinata ora.","tags":["L_Display","L_Advanced","L_VisioOptions","L_MicrosoftVisio"],"application":"visio16","key":"software\\microsoft\\office\\16.0\\visio\\document"},{"parentCategory":{"ref":"L_Display"},"supportedOn":{"ref":"windows:SUPPORTED_Windows7"},"enabledValue":{"string":"1"},"disabledValue":{"string":"0"},"name":"L_AlwaysofferMetricandUSunitsfornewblankdrawings","displayName":"Proponi sempre unità metriche e unità di misura USA per i nuovi stencil e disegni vuoti","explainText":"Questa impostazione di criterio consente la visualizzazione sia delle unità di misura USA che delle unità di misura metriche quando si crea un nuovo disegno o stencil vuoto.\n\nSe si abilita questa impostazione di criterio, sia le unità di misura USA che metriche verranno visualizzate come scelta prima della creazione di un nuovo disegno o stencil vuoto. Questi disegni verranno aperti con i righelli e l'impostazione di pagina appropriati e per gli strumenti di disegno verranno utilizzate le unità di misura appropriate. Ciò non comporta l'installazione dei modelli e degli stencil in entrambi i tipi di unità di misura. Questa impostazione di criterio è sempre attivata quando è attiva la scheda Sviluppo.\n\nSe si disabilita o non si configura questa impostazione di criterio, non verrà visualizzata la scelta per le unità di misura durante la creazione di un disegno o stencil vuoto se sono installati modelli o stencil di un solo tipo.","tags":["L_Display","L_Advanced","L_VisioOptions","L_MicrosoftVisio"],"application":"visio16","key":"software\\microsoft\\office\\16.0\\visio\\application","valueName":"offermetricandus"},{"parentCategory":{"ref":"L_UserInterfaceOptions"},"supportedOn":{"ref":"windows:SUPPORTED_Windows7"},"enabledValue":{"string":"0"},"disabledValue":{"string":"1"},"name":"L_DoNotShowMiniToolbarOnSelectionOfText","displayName":"Non mostrare barra di formattazione rapida quando si seleziona testo","explainText":"Questa impostazione di criterio consente di configurare il comportamento della barra di formattazione rapida quando si seleziona testo.\n\nSe si attiva questa impostazione di criterio, la barra di formattazione rapida non verrà visualizzata quando si seleziona testo.\n\nSe si disattiva o non si configura questa impostazione di criterio, la barra di formattazione rapida verrà visualizzata quando si seleziona testo.","tags":["L_UserInterfaceOptions","L_General","L_VisioOptions","L_MicrosoftVisio"],"application":"visio16","key":"software\\microsoft\\office\\16.0\\visio\\application","valueName":"showminitoolbar"},{"parentCategory":{"ref":"L_UserInterfaceOptions"},"supportedOn":{"ref":"windows:SUPPORTED_Windows7"},"enabledValue":{"string":"0"},"disabledValue":{"string":"1"},"name":"L_TurnOffLivePreview","displayName":"Disattiva anteprima dinamica","explainText":"Questa impostazione di criterio consente di configurare l'anteprima dinamica per visualizzare l'anteprima dell'effetto di una caratteristica sul documento al passaggio del mouse sulle diverse scelte. \n\nSe si attiva questa impostazione di criterio, l'anteprima dinamica verrà disattivata.\n\nSe si disattiva o non si configura questa impostazione di criterio, l'anteprima dinamica verrà attivata.","tags":["L_UserInterfaceOptions","L_General","L_VisioOptions","L_MicrosoftVisio"],"application":"visio16","key":"software\\microsoft\\office\\16.0\\visio\\application","valueName":"livepreview"},{"parentCategory":{"ref":"L_UserInterfaceOptions"},"supportedOn":{"ref":"windows:SUPPORTED_Windows7"},"enabledValue":{"string":"0"},"disabledValue":{"string":"1"},"name":"L_TurnOffLivePreviewInTheShapesWindow","displayName":"Disattiva anteprima dinamica nella finestra Forme","explainText":"Questa impostazione di criterio disattiva l'anteprima dinamica nella finestra Forme. Questa caratteristica consente di visualizzare le forme nella finestra Forme con i dettagli e l'intensità del colore che avrebbero in un disegno, inclusi colori del tema ed effetti.\n\nSe si attiva questa impostazione di criterio, l'anteprima dinamica nella finestra Forme verrà disattivata.\n\nSe si disattiva o non si configura questa impostazione di criterio, l'anteprima dinamica nella finestra Forme verrà attivata.","tags":["L_UserInterfaceOptions","L_General","L_VisioOptions","L_MicrosoftVisio"],"application":"visio16","key":"software\\microsoft\\office\\16.0\\visio\\application","valueName":"livepreviewmasters"},{"parentCategory":{"ref":"L_EditingOptions"},"supportedOn":{"ref":"windows:SUPPORTED_Windows7"},"enabledValue":{"string":"1"},"disabledValue":{"string":"0"},"name":"L_ZoomonrollwithIntelliMouse","displayName":"Ingrandisci con IntelliMouse","explainText":"Se è selezionata, è possibile ingrandire o ridurre la visualizzazione di un disegno usando la rotellina di Microsoft Intellimouse.","tags":["L_EditingOptions","L_Advanced","L_VisioOptions","L_MicrosoftVisio"],"application":"visio16","key":"software\\microsoft\\office\\16.0\\visio\\application","valueName":"zoomonroll"},{"parentCategory":{"ref":"L_EditingOptions"},"supportedOn":{"ref":"windows:SUPPORTED_Windows7"},"enabledValue":{"string":"1"},"disabledValue":{"string":"0"},"name":"L_Centerselectiononzoom","displayName":"Centra selezione all'ingrandimento","explainText":"Se l'opzione è selezionata, durante l'ingrandimento la forma selezionata verrà visualizzata al centro della finestra.","tags":["L_EditingOptions","L_Advanced","L_VisioOptions","L_MicrosoftVisio"],"application":"visio16","key":"software\\microsoft\\office\\16.0\\visio\\application","valueName":"zoommode"},{"parentCategory":{"ref":"L_EditingOptions"},"supportedOn":{"ref":"windows:SUPPORTED_Windows7"},"enabledValue":{"string":"1"},"disabledValue":{"string":"0"},"name":"L_Selectshapespartiallywithinarea","displayName":"Seleziona forme incluse parzialmente nell'area","explainText":"Se vengono selezionate forme tramite un retino di selezione, ovvero trascinando un riquadro intorno alle forme nella pagina di disegno, la selezione verrà modificata in modo da includere anche le forme che si trovano parzialmente nell'area del retino di selezione.","tags":["L_EditingOptions","L_Advanced","L_VisioOptions","L_MicrosoftVisio"],"application":"visio16","key":"software\\microsoft\\office\\16.0\\visio\\application","valueName":"areaselection"},{"parentCategory":{"ref":"L_EditingOptions"},"supportedOn":{"ref":"windows:SUPPORTED_Windows7"},"enabledValue":{"string":"1"},"disabledValue":{"string":"0"},"name":"L_Enablelivedynamics","displayName":"Consenti trasformazione dinamica","explainText":"Quando si ridimensiona o si ruota una forma, è possibile visualizzare la forma in corso di trasformazione e non solo il riquadro visualizzato fino al completamento dell'azione.","tags":["L_EditingOptions","L_Advanced","L_VisioOptions","L_MicrosoftVisio"],"application":"visio16","key":"software\\microsoft\\office\\16.0\\visio\\application","valueName":"livemousedynamics"},{"parentCategory":{"ref":"L_EditingOptions"},"supportedOn":{"ref":"windows:SUPPORTED_Windows7"},"enabledValue":{"string":"1"},"disabledValue":{"string":"0"},"name":"L_Enalbeconnectorsplitting","displayName":"Consenti divisione connettore","explainText":"Quando si posiziona una forma nella linea di un connettore, il connettore viene diviso in connettori separati associati alla forma. Non tutti i tipi di disegno supportano la divisione dei connettori.","tags":["L_EditingOptions","L_Advanced","L_VisioOptions","L_MicrosoftVisio"],"application":"visio16","key":"software\\microsoft\\office\\16.0\\visio\\application","valueName":"allowshapesplitting"},{"parentCategory":{"ref":"L_EditingOptions"},"supportedOn":{"ref":"windows:SUPPORTED_Windows7"},"enabledValue":{"string":"1"},"disabledValue":{"string":"0"},"name":"L_EnableAutoConnect","displayName":"Attiva connessione automatica","explainText":"Consente di impostare il valore nell'opzione corrispondente dell'interfaccia utente.","tags":["L_EditingOptions","L_Advanced","L_VisioOptions","L_MicrosoftVisio"],"application":"visio16","key":"software\\microsoft\\office\\16.0\\visio\\application","valueName":"enableautoconnect"},{"parentCategory":{"ref":"L_EditingOptions"},"supportedOn":{"ref":"windows:SUPPORTED_Windows7"},"enabledValue":{"string":"0"},"disabledValue":{"string":"1"},"name":"L_ShowMoreHandles","displayName":"Mostra ulteriori punti di manipolazione forma al passaggio del mouse","explainText":"Questa impostazione di criterio consente di mostrare più punti di manipolazione della forma quando si sposta il puntatore del mouse su una forma selezionata.\n\nSe si attiva questa impostazione di criterio, dopo un breve tempo di attesa verranno visualizzati più punti di manipolazione della forma.\n\nSe si disattiva o non si configura questa impostazione di criterio, non verranno visualizzati più punti di manipolazione della forma.\n","tags":["L_EditingOptions","L_Advanced","L_VisioOptions","L_MicrosoftVisio"],"application":"visio16","key":"software\\microsoft\\office\\16.0\\visio\\application","valueName":"handlebehavior"},{"parentCategory":{"ref":"L_SaveDocuments"},"supportedOn":{"ref":"windows:SUPPORTED_Windows7"},"enabledValue":{"string":"1"},"disabledValue":{"string":"0"},"name":"L_Promptfordocumentpropertiesonfirstsave","displayName":"Richiedi proprietà documento al primo salvataggio","explainText":"Indica se la finestra di dialogo Proprietà viene aperta quando un file viene salvato per la prima volta. Le proprietà dei file includono il nome dell'autore e informazioni quali stato del file, impostazioni di anteprima e altre proprietà.","tags":["L_SaveDocuments","L_Save","L_VisioOptions","L_MicrosoftVisio"],"application":"visio16","key":"software\\microsoft\\office\\16.0\\visio\\application","valueName":"promptforsummaryinfo"},{"parentCategory":{"ref":"L_SaveOpen"},"supportedOn":{"ref":"windows:SUPPORTED_Windows7"},"elements":{"items":[{"item":[{"value":{"string":"0"},"displayName":"Scelta automatica della lingua"},{"value":{"string":"1"},"displayName":"Richiedi lingua"},{"value":{"string":"2"},"displayName":"Usa la lingua seguente"}],"valueName":"fileconversionmode","inputType":"dropdownList","caption":"Lingua per conversione file","id":"L_languageforfileconversion5"},{"valueName":"fileconversionlanguage","requiredSpecified":false,"expandableSpecified":false,"maxLength":2147483647,"maxLengthSpecified":false,"inputType":"textBox","caption":"Usa la lingua seguente:","id":"L_Uselanguage"}]},"name":"L_languageforfileconversion4","displayName":"Lingua per conversione file","explainText":"Questa impostazione di criterio specifica in che modo in Visio viene determinata la lingua da utilizzare per la conversione da o verso una versione precedente di Visio.  \n\nSe si attiva questa impostazione di criterio, è possibile selezionare una delle opzioni seguenti:\n\n- Scelta automatica della lingua\n- Richiedi lingua\n- Usa la lingua seguente: è necessario specificare l'ID impostazioni locali Microsoft (LCID) della lingua.\n\nSe si disattiva o non si configura questa impostazione di criterio, la lingua da utilizzare in Visio verrà determinata automaticamente.","tags":["L_SaveOpen","L_Advanced","L_VisioOptions","L_MicrosoftVisio"],"application":"visio16","key":"software\\microsoft\\office\\16.0\\visio\\application"},{"parentCategory":{"ref":"L_SaveOpen"},"supportedOn":{"ref":"windows:SUPPORTED_Windows7"},"enabledValue":{"string":"1"},"disabledValue":{"string":"0"},"name":"L_Showfilesavewarnings","displayName":"Mostra avvisi al salvataggio file","explainText":"Consente di indicare se verrà visualizzato un messaggio quando vengono salvati file che contengono errori quali codici XML non validi.","tags":["L_SaveOpen","L_Advanced","L_VisioOptions","L_MicrosoftVisio"],"application":"visio16","key":"software\\microsoft\\office\\16.0\\visio\\application","valueName":"showxmlsavewarnings"},{"parentCategory":{"ref":"L_SaveOpen"},"supportedOn":{"ref":"windows:SUPPORTED_Windows7"},"enabledValue":{"string":"1"},"disabledValue":{"string":"0"},"name":"L_Showfileopenwarnings","displayName":"Mostra avvisi all'apertura file","explainText":"Consente di indicare se verrà visualizzato un messaggio quando vengono aperti file che contengono errori quali codici XML non validi.","tags":["L_SaveOpen","L_Advanced","L_VisioOptions","L_MicrosoftVisio"],"application":"visio16","key":"software\\microsoft\\office\\16.0\\visio\\application","valueName":"showxmlopenwarnings"},{"parentCategory":{"ref":"L_OptionsCustomizeRibbon"},"supportedOn":{"ref":"windows:SUPPORTED_Windows7"},"enabledValue":{"decimal":{"value":1}},"disabledValue":{"decimal":{"value":0}},"name":"L_DisplayDeveloperTab","displayName":"Visualizza scheda Sviluppo nella barra multifunzione","explainText":"Questa impostazione di criterio consente di controllare la visualizzazione della scheda Sviluppo nella barra multifunzione.\n\nSe si attiva questa impostazione di criterio, la scheda Sviluppo verrà visualizzata nella barra multifunzione.\n\nSe si disattiva questa impostazione di criterio, la scheda Sviluppo non verrà visualizzata nella barra multifunzione.\n\nSe non si configura questa impostazione di criterio, la scheda Sviluppo non verrà visualizzata nella barra multifunzione, ma sarà possibile modificarne la visibilità tramite un'impostazione nella finestra di dialogo Opzioni dell'applicazione.","tags":["L_OptionsCustomizeRibbon","L_VisioOptions","L_MicrosoftVisio"],"application":"visio16","key":"software\\microsoft\\office\\16.0\\visio\\application","valueName":"developertools"},{"parentCategory":{"ref":"L_Save"},"supportedOn":{"ref":"windows:SUPPORTED_Windows7"},"enabledValue":{"decimal":{"value":1}},"disabledValue":{"decimal":{"value":0}},"name":"L_TurnOffCADDWGFunctionality","displayName":"Disattiva funzionalità CAD/DWG","explainText":"Questa impostazione di criterio consente di disattivare tutti i punti di ingresso relativi ai file CAD/DWG.\n\nSe si attiva questa impostazione di criterio, la funzionalità CAD/DWG verrà disattivata.\n\nSe si disattiva o non si configura questa impostazione di criterio, la funzionalità CAD/DWG verrà attivata.","tags":["L_Save","L_VisioOptions","L_MicrosoftVisio"],"application":"visio16","key":"software\\microsoft\\office\\16.0\\visio\\application","valueName":"disabledwg"},{"parentCategory":{"ref":"L_OfflineEditing"},"supportedOn":{"ref":"windows:SUPPORTED_Windows7"},"elements":{"items":[{"item":[{"value":{"string":"1"},"displayName":"Percorso bozze server"},{"value":{"string":"0"},"displayName":"Server Web"}],"valueName":"uselocaldrafts","inputType":"dropdownList","id":"L_SaveCheckedOutFilesToDropID"}]},"name":"L_SaveCheckedOutFilesTo","displayName":"Salva file estratti in","explainText":"Questa impostazione di criterio consente di scegliere se i file estratti verranno salvati nel percorso delle bozze server o nel server Web. \n\nSe si attiva questa impostazione di criterio, sarà possibile scegliere se i file estratti verranno salvati in:\n- Percorso bozze server: il percorso delle bozze server in questo computer\n- Server Web: il server Web.\n\nSe si disattiva o non si configura questa impostazione di criterio, i file estratti verranno archiviati nel percorso delle bozze server.","tags":["L_OfflineEditing","L_Save","L_VisioOptions","L_MicrosoftVisio"],"application":"visio16","key":"software\\microsoft\\office\\16.0\\visio\\application"},{"parentCategory":{"ref":"L_SaveDocuments"},"supportedOn":{"ref":"windows:SUPPORTED_Windows7"},"elements":{"items":[{"item":[{"value":{"string":"0"},"displayName":"Documento di Visio"},{"value":{"string":"3"},"displayName":"Modello con attivazione macro di Visio"},{"value":{"string":"1"},"displayName":"Documento di Visio 2003-2016"}],"valueName":"savefileformat","inputType":"dropdownList","caption":"Salva file di Visio come","id":"L_savevisiofilesas6"}]},"name":"L_SaveVisiofilesas","displayName":"Salva file di Visio come","explainText":"Consente di specificare il formato di file predefinito per il salvataggio dei file di Visio.","tags":["L_SaveDocuments","L_Save","L_VisioOptions","L_MicrosoftVisio"],"application":"visio16","key":"software\\microsoft\\office\\16.0\\visio\\application"},{"parentCategory":{"ref":"L_ShapeSearch"},"supportedOn":{"ref":"windows:SUPPORTED_Windows7"},"enabledValue":{"string":"1"},"disabledValue":{"string":"0"},"name":"L_Showshapesearchpane","displayName":"Mostra riquadro Cerca forma","explainText":"Visualizza gli elementi dell'interfaccia utente per la ricerca di forme della finestra degli stencil","tags":["L_ShapeSearch","L_Advanced","L_VisioOptions","L_MicrosoftVisio"],"application":"visio16","key":"software\\microsoft\\office\\16.0\\visio\\application","valueName":"showshapesearchpane"},{"parentCategory":{"ref":"L_ShapeSearch"},"supportedOn":{"ref":"windows:SUPPORTED_Windows7"},"elements":{"items":[{"item":[{"value":{"string":"1"},"displayName":"Tutte le parole (AND)"},{"value":{"string":"0"},"displayName":"Una qualsiasi delle parole (OR)"}],"valueName":"findshapesallwords","inputType":"dropdownList","caption":"Cerca:","id":"L_searchfor10"}]},"name":"L_Searchfor","displayName":"Cerca:","explainText":"Consente di impostare il valore nell'opzione corrispondente dell'interfaccia utente.","tags":["L_ShapeSearch","L_Advanced","L_VisioOptions","L_MicrosoftVisio"],"application":"visio16","key":"software\\microsoft\\office\\16.0\\visio\\application"},{"parentCategory":{"ref":"L_ShapeSearch"},"supportedOn":{"ref":"windows:SUPPORTED_Windows7"},"elements":{"items":[{"item":[{"value":{"string":"0"},"displayName":"Alfabeticamente"},{"value":{"string":"1"},"displayName":"Per gruppo"}],"valueName":"msoridcuvisiobfsgroup","inputType":"dropdownList","caption":"Risultati ricerca","id":"L_searchresults11"}]},"name":"L_Searchresults","displayName":"Risultati ricerca","explainText":"Consente di specificare se si desidera che i risultati vengano restituiti in ordine alfabetico in base al nome della forma o dello stencil (gruppo). Selezionare 'Per gruppo' per distinguere tra forme con lo stesso nome che vengono tuttavia visualizzate su stencil diversi. La selezione di questa opzione risulta inoltre utile per individuare lo stencil che contiene la forma.","tags":["L_ShapeSearch","L_Advanced","L_VisioOptions","L_MicrosoftVisio"],"application":"visio16","key":"software\\microsoft\\office\\16.0\\visio\\application"},{"parentCategory":{"ref":"L_ShapeSearch"},"supportedOn":{"ref":"windows:SUPPORTED_Windows7"},"enabledValue":{"string":"0"},"disabledValue":{"string":"1"},"name":"L_Openresultsnewwindow","displayName":"Apri risultati in un'altra finestra","explainText":"Consente di indicare se creare un nuovo stencil per ogni ricerca eseguita. Se è deselezionata, i risultati dell'ultima ricerca sostituiscono tutti i risultati precedenti.","tags":["L_ShapeSearch","L_Advanced","L_VisioOptions","L_MicrosoftVisio"],"application":"visio16","key":"software\\microsoft\\office\\16.0\\visio\\application","valueName":"msoridcuvisiobfsrecycle"},{"parentCategory":{"ref":"L_TrustCenter"},"supportedOn":{"ref":"windows:SUPPORTED_Windows7"},"enabledValue":{"decimal":{"value":1}},"disabledValue":{"decimal":{"value":0}},"name":"L_Disableallapplicationextensions","displayName":"Disattiva tutti i componenti aggiuntivi applicazioni","explainText":"Questa impostazione di criteri disabilita tutti i componenti aggiuntivi delle applicazioni di Office 2016 specificate.\n     \nSe si abilita questa impostazione di criteri, verranno disabilitati tutti i componenti aggiuntivi per le applicazioni di Office 2016 specificate.\n\nSe si disabilita o non si configura questa impostazione di criteri, tutti i componenti aggiuntivi per le applicazioni di Office 2016 specificate verranno eseguiti senza alcuna notifica all'utente, tranne nei casi in cui è richiesto che siano firmati da autori attendibili.","tags":["L_TrustCenter","L_Security","L_VisioOptions","L_MicrosoftVisio"],"application":"visio16","key":"software\\microsoft\\office\\16.0\\visio\\security","valueName":"disablealladdins"},{"parentCategory":{"ref":"L_TrustCenter"},"supportedOn":{"ref":"windows:SUPPORTED_Windows7"},"enabledValue":{"decimal":{"value":1}},"disabledValue":{"decimal":{"value":0}},"name":"L_BlockMacroExecutionFromInternet","displayName":"Blocca l'esecuzione delle macro nei file di Office provenienti da Internet","explainText":"\n        Questa impostazione del criterio permette di bloccare l'esecuzione delle macro nei file di Office provenienti da Internet.\n\n        Se si abilita questa impostazione criterio, l'esecuzione delle macro viene bloccata anche se è selezionata l'opzione \"Abilita tutte le macro\" nella sezione Impostazioni macro del Centro protezione. Gli utenti riceveranno una notifica che indica che l'esecuzione delle macro è bloccata.\n\n        Eccezioni per l'esecuzione delle macro: \n       - Il file di Office viene salvato in un percorso attendibile.\n        - Il file di Office è stato precedentemente considerato attendibile dall'utente.\n        - Le macro sono firmate digitalmente e sul dispositivo è installato il certificato dell'autore attendibile corrispondente.\n\n        Se si disabilita questa impostazione del criterio, le impostazioni configurate nella sezione Impostazioni macro del Centro protezione determinano se le macro vengono eseguite nei file Office provenienti da Internet.\n\n        Se non si configura questa impostazione criterio, l'esecuzione delle macro verrà bloccata. Gli utenti riceveranno una notifica che informa dei rischi per la sicurezza delle macro provenienti da Internet insieme a un collegamento per ulteriori informazioni.\n\n        Per altre informazioni, vedere https://go.microsoft.com/fwlink/p/?linkid=2185771.\n      ","tags":["L_TrustCenter","L_Security","L_VisioOptions","L_MicrosoftVisio"],"application":"visio16","key":"software\\microsoft\\office\\16.0\\visio\\security","valueName":"blockcontentexecutionfrominternet"},{"parentCategory":{"ref":"L_TrustCenter"},"supportedOn":{"ref":"windows:SUPPORTED_Windows7"},"enabledValue":{"decimal":{"value":1}},"disabledValue":{"decimal":{"value":0}},"name":"L_TurnOffTrustedDocumentsOnTheNetwork","displayName":"Disattiva documenti attendibili nella rete","explainText":"Questa impostazione di criterio consente di disattivare la caratteristica Documenti attendibili per i documenti aperti dalla rete.\n\nSe si attiva questa impostazione di criterio, verranno sempre visualizzate notifiche di sicurezza agli utenti per contenuto attivo come macro, controlli ActiveX, connessioni dati e simili per i documenti aperti dalla rete.\n\nSe si disattiva o non si configura questa impostazione di criterio, la caratteristica Documenti attendibili consentirà agli utenti di impostare come sempre consentito il contenuto attivo nei documenti, ad esempio macro, controlli ActiveX, connessioni dati e così via, in modo da non visualizzare richieste di conferma in occasione della successiva apertura dei documenti. Per i documenti attendibili non vengono visualizzate notifiche di sicurezza.","tags":["L_TrustCenter","L_Security","L_VisioOptions","L_MicrosoftVisio"],"application":"visio16","key":"software\\microsoft\\office\\16.0\\visio\\security\\trusted documents","valueName":"disablenetworktrusteddocuments"},{"parentCategory":{"ref":"L_TrustCenter"},"supportedOn":{"ref":"windows:SUPPORTED_Windows7"},"enabledValue":{"decimal":{"value":1}},"disabledValue":{"decimal":{"value":0}},"name":"L_TurnOffTrustedDocuments","displayName":"Disattiva documenti attendibili","explainText":"Questa impostazione di criterio consente di disattivare la caratteristica Documenti attendibili che permette agli utenti di attivare sempre il contenuto di tali documenti rappresentato da macro, controlli ActiveX, connessioni dati e così via, in modo che non venga visualizzata alcuna richiesta all'apertura successiva dei documenti. Per i documenti attendibili non vengono visualizzate notifiche di sicurezza.\n\nSe si attiva questa impostazione di criterio, la caratteristica Documenti attendibili verrà disattivata. Agli utenti sarà visualizzato un messaggio di sicurezza a ogni apertura di un documento con contenuto attivo.\n\nSe si disattiva o non si configura questa impostazione di criterio, i documenti saranno considerati attendibili quando l'utente ne attiverà il contenuto e agli utenti non sarà visualizzato alcun messaggio di sicurezza.","tags":["L_TrustCenter","L_Security","L_VisioOptions","L_MicrosoftVisio"],"application":"visio16","key":"software\\microsoft\\office\\16.0\\visio\\security\\trusted documents","valueName":"disabletrusteddocuments"},{"parentCategory":{"ref":"L_TrustCenter"},"supportedOn":{"ref":"windows:SUPPORTED_Windows7"},"elements":{"items":[{"valueName":"maxtrusteddocuments","minValue":0,"minValueSpecified":true,"maxValue":20000,"maxValueSpecified":true,"inputType":"decimalTextBox","caption":"Numero massimo:","id":"L_SetMaximumNumberOfTrustedDocumentsSpinID"}]},"name":"L_SetMaximumNumberOfTrustedDocuments","displayName":"Imposta numero massimo documenti attendibili","explainText":"Questa impostazione di criterio consente di specificare il numero massimo di record di attendibilità per i documenti attendibili che è possibile archiviare nel Registro di sistema prima che venga eseguita l'attività di eliminazione. L'attività di eliminazione riduce il numero di documenti attendibili archiviati nel Registro di sistema in base al valore specificato dall'impostazione di criterio \"Imposta numero massimo record di attendibilità da mantenere\".\n\nSe si attiva questa impostazione di criterio, è possibile specificare il numero massimo di documenti attendibili che possono essere archiviati nel Registro di sistema prima che venga eseguita l'attività di eliminazione, fino a un limite superiore di 20.000 documenti. Per motivi di prestazioni, non è consigliabile impostare il limite superiore.\n\nSe si disattiva o non si configura questa impostazione di criterio, verrà usato il valore predefinito 500 come numero massimo di documenti attendibili che è possibile archiviare nel Registro di sistema prima che venga eseguita l'attività di eliminazione.","tags":["L_TrustCenter","L_Security","L_VisioOptions","L_MicrosoftVisio"],"application":"visio16","key":"software\\microsoft\\office\\16.0\\visio\\security\\trusted documents"},{"parentCategory":{"ref":"L_TrustCenter"},"supportedOn":{"ref":"windows:SUPPORTED_Windows7"},"elements":{"items":[{"valueName":"maxpreservetrusteddocuments","minValue":0,"minValueSpecified":true,"maxValue":20000,"maxValueSpecified":true,"inputType":"decimalTextBox","caption":"Numero massimo da mantenere:","id":"L_SetMaximumNumberOfTrustRecordsToPreserveSpinID"}]},"name":"L_SetMaximumNumberOfTrustRecordsToPreserve","displayName":"Imposta numero massimo record di attendibilità da mantenere","explainText":"Questa impostazione di criterio consente di specificare il numero massimo di record di attendibilità da mantenere quando l'attività di eliminazione rileva che il numero di documenti impostati come attendibili dall'applicazione è superiore al numero specificato tramite l'impostazione di criterio \"Imposta numero massimo di documenti attendibili\".\n\nSe si attiva questa impostazione di criterio, è possibile specificare il numero massimo di record di attendibilità da mantenere, fino al limite di 20.000. Per motivi di prestazioni non è consigliabile impostare il limite superiore.\n\nSe si disattiva o non si configura questa impostazione di criterio, verrà utilizzato il valore predefinito 400.","tags":["L_TrustCenter","L_Security","L_VisioOptions","L_MicrosoftVisio"],"application":"visio16","key":"software\\microsoft\\office\\16.0\\visio\\security\\trusted documents"},{"parentCategory":{"ref":"L_TrustCenter"},"supportedOn":{"ref":"windows:SUPPORTED_Windows7"},"elements":{"items":[{"item":[{"value":{"decimal":{"value":2}},"displayName":"Disattiva tutte le macro con notifica"},{"value":{"decimal":{"value":3}},"displayName":"Disattiva tutte le macro ad eccezione delle macro firmate digitalmente"},{"value":{"decimal":{"value":4}},"displayName":"Disattiva tutte le macro senza notifica"},{"value":{"decimal":{"value":1}},"displayName":"Attiva tutte le macro (scelta non consigliata)"}],"valueName":"vbawarnings","inputType":"dropdownList","id":"L_Empty"},{"trueValue":{"decimal":{"value":1}},"falseValue":{"decimal":{"value":0}},"valueName":"vbadigsigtrustedpublishers","key":"software\\microsoft\\office\\16.0\\visio\\security","inputType":"checkBox","caption":"Richiedi macro firmate da un autore attendibile","id":"L_VBADigSigTrustedPublishersStr"},{"trueValue":{"decimal":{"value":1}},"falseValue":{"decimal":{"value":0}},"valueName":"vbarequirelmtrustedpublisher","key":"software\\microsoft\\office\\16.0\\visio\\security","inputType":"checkBox","caption":"Blocca certificati da autori attendibili installati solo nell'archivio certificati dell'utente corrente","id":"L_VBAOnlyAllowLMTrustedPublisherStr"},{"trueValue":{"decimal":{"value":1}},"falseValue":{"decimal":{"value":0}},"valueName":"vbarequiredigsigwithcodesigningeku","key":"software\\microsoft\\office\\16.0\\visio\\security","inputType":"checkBox","caption":"Richiedi utilizzo chiave avanzato (EKU) per certificati di autori attendibili","id":"L_VBAOnlyAllowDigSigWithCodeSigningEKUStr"}]},"name":"L_VBAWarningsPolicy","displayName":"Impostazioni notifiche macro VBA","explainText":"Questa impostazione di criterio controlla come le applicazioni specificate avvisano gli utenti della presenza di macro di Visual Basic for Applications (VBA).\n\nSe si abilita questa impostazione di criterio, sarà possibile scegliere tra quattro opzioni per la segnalazione della presenza di macro all'utente:\n \n- Disabilitare tutte le macro con notifica: verrà visualizzata la Barra informazioni di protezione per tutte le macro, firmate o non firmate. Questa opzione applica la configurazione predefinita di Office.\n \n- Disabilitare tutte le macro ad eccezione di quelle firmate digitalmente: verrà visualizzata la Barra informazioni di protezione per le macro firmate digitalmente e gli utenti potranno scegliere se attivarle o non firmate. Le macro non firmate verranno disabilitate senza nessuna notifica all'utente.\n \n- Disabilitare tutte le macro senza notifica: tutte le macro, firmate o non firmate, verranno disabilitate senza nessuna notifica all'utente.\n \n- Attivare tutte le macro (scelta non consigliata): tutte le macro, firmate o non firmate, verranno attivate. Questa opzione può ridurre la sicurezza in modo significativo consentendo l'esecuzione di codice pericoloso.\n \nSe si disabilita questa impostazione di criterio, verrà applicata l'impostazione predefinita \"Disabilita tutte le macro con notifica\".\n \nSe non si configura questa impostazione di criterio, quando gli utenti aprono file contenenti macro VBA nelle applicazioni selezionate, le applicazioni apriranno i file con le macro disabilitate e verrà visualizzato un avviso nella Barra informazioni di protezione indicante che le macro presenti sono state disabilitate. Se necessario, gli utenti potranno controllare e modificare i file, ma non potranno usare funzioni disabilitate finché non le attiveranno facendo clic su \"Abilita contenuto\" sulla Barra informazioni di protezione. Se l'utente fa clic su \"Abilita contenuto\", il documento verrà aggiunto all'elenco dei documenti attendibili.\n \nSe si seleziona \"Disabilita tutte le macro ad eccezione di quelle firmate digitalmente\", è consigliabile selezionare anche la casella di controllo \"Richiedi che le macro siano firmate da un autore attendibile\" per migliorare la sicurezza.\n\nSe si seleziona la casella di controllo \"Richiedi che le macro siano firmate da un autore attendibile\", gli utenti che aprono file con macro firmate digitalmente ma non da un autore attendibile riceveranno una notifica di blocco delle macro. Ci sono due caselle di controllo aggiuntive che è consigliabile selezionare per migliorare la sicurezza.\n\n- Blocca certificati da autori attendibili installati nell'archivio certificati dell'utente corrente \n\n- Richiedi utilizzo chiave esteso (EKU) per certificati da autori attendibili \n\nNota: queste due caselle di controllo si applicano solo se è stata selezionata la casella di controllo \"Richiedi che le macro siano firmate da un autore attendibile\".\n\nNota: tutte e tre le caselle di controllo si applicano solo alla versione 2012 o successiva di Office e Visio. Non si applicano a Office 2016 o Office 2019.\n\nSe si seleziona la casella di controllo \"Blocca certificati da autori attendibili installati nell'archivio certificati del computer locale\", le macro non verranno eseguite se il certificato dell'autore attendibile è installato nell'archivio certificati dell'utente corrente. Il certificato deve essere installato nell'archivio certificati del computer locale affinché venga eseguita la macro. Solo gli account con accesso di amministratore al computer possono installare un certificato nell'archivio certificati del computer locale.\n\nSe si seleziona la casella di controllo \"Richiedi utilizzo chiave esteso (EKU) per certificati da autori attendibili\", l'EKU deve includere \"Firma del codice\" come uno degli usi del certificato.\n\nImportante: se è selezionata l'opzione \"Disabilita tutte le macro ad eccezione di quelle firmate digitalmente\", gli utenti non saranno in grado di aprire database di Access non firmati.\n \nSi noti inoltre che Microsoft Office memorizza i certificati degli autori attendibili nell'archivio autori attendibili di Internet Explorer. Nelle precedenti versioni di Microsoft Office, le informazioni sui certificati di autori attendibili, in particolare l'identificazione digitale del certificato, erano memorizzate in un archivio speciale di autori attendibili di Office. Microsoft Office legge ancora le informazioni sui certificati dall'archivio speciale degli autori attendibili, ma non scrive informazioni in tale archivio.\n \nQuindi, se è stato creato un elenco di autori attendibili in una versione precedente di Microsoft Office e si esegue l'aggiornamento a Office, l'elenco di autori attendibili sarà ancora riconosciuto. Tuttavia, ogni certificato aggiunto all'elenco verrà memorizzato nell'archivio autori attendibili di Internet Explorer.","tags":["L_TrustCenter","L_Security","L_VisioOptions","L_MicrosoftVisio"],"application":"visio16","key":"software\\microsoft\\office\\16.0\\visio\\security"},{"parentCategory":{"ref":"L_TrustCenter"},"supportedOn":{"ref":"windows:SUPPORTED_Windows7"},"enabledValue":{"decimal":{"value":1}},"disabledValue":{"decimal":{"value":0}},"name":"L_RequirethatApplicationExtensionsaresigned","displayName":"Richiedi firma autore attendibile per i componenti aggiuntivi applicazioni","explainText":"Questa impostazione di criteri controlla se i componenti aggiuntivi per l'applicazione devono essere o meno firmati digitalmente da un autore attendibile.\n\nSe si abilita questa impostazione di criteri, l'applicazione controlla la firma digitale di ogni componente aggiuntivo prima di caricarlo. Se il componente aggiuntivo è privo di firma digitale o la firma digitale non proviene da un autore attendibile, l'applicazione lo disabilita inviando una notifica all'utente. È necessario aggiungere i certificati all'elenco degli autori attendibili se si vuole che tutti i componenti aggiuntivi siano firmati da un autore attendibile. Per altre informazioni su come ottenere e distribuire i certificati, vedere http://go.microsoft.com/fwlink/?LinkId=294922. I certificati degli autori attendibili di Office 2016 sono memorizzati nell'archivio autori attendibili di Internet Explorer. Nelle versioni precedenti di Microsoft Office le informazioni sui certificati di autori attendibili, in particolare l'identificazione digitale del certificato, sono memorizzate in un archivio speciale di autori attendibili di Office. In Office 2016 è ancora possibile leggere le informazioni sui certificati dall'archivio degli autori attendibili di Office, ma non verranno scritte informazioni in tale archivio. Se pertanto è stato creato un elenco di autori attendibili in una versione precedente di Office e si effettua l'aggiornamento a Office 2016, l'elenco di autori attendibili sarà ancora riconosciuto, ma ogni certificato aggiunto all'elenco verrà memorizzato nell'archivio autori attendibili di Internet Explorer. Per altre informazioni sugli autori attendibili, vedere Office Resource Kit.\n\nSe si disabilita o non si configura questa impostazione di criteri, l'applicazione non eseguirà un controllo delle firme digitali dei componenti aggiuntivi prima di aprirli. Se viene caricato un componente aggiuntivo pericoloso, potrebbero verificarsi danni ai computer degli utenti o potrebbe essere compromessa la sicurezza dei dati.","tags":["L_TrustCenter","L_Security","L_VisioOptions","L_MicrosoftVisio"],"application":"visio16","key":"software\\microsoft\\office\\16.0\\visio\\security","valueName":"requireaddinsig"},{"parentCategory":{"ref":"L_TrustCenter"},"supportedOn":{"ref":"windows:SUPPORTED_Windows7"},"enabledValue":{"decimal":{"value":1}},"disabledValue":{"decimal":{"value":0}},"name":"L_DisableTrustBarNotificationforunsigned","displayName":"Disattiva avviso della barra informazioni di protezione per i componenti aggiuntivi delle applicazioni non firmati e blocca tali componenti","explainText":"Questa impostazione di criterio consente di stabilire se nell'applicazione di Office specificata verrà notificato all'utente il caricamento di componenti aggiuntivi delle applicazioni non firmati oppure se tali componenti aggiuntivi verranno disattivati automaticamente senza alcuna notifica. Questa impostazione di criterio si applica solo se si attiva l'impostazione di criterio \"Richiedi firma autore attendibile per i componenti aggiuntivi applicazioni\", che impedisce agli utenti di modificare questa impostazione.\n      \nSe si attiva questa impostazione di criterio, i componenti aggiuntivi non firmati verranno automaticamente disattivati dalle applicazioni senza notifica all'utente.\n\nSe si disattiva questa impostazione di criterio, nelle applicazioni configurate per richiedere che tutti i componenti aggiuntivi siano firmati da un autore attendibile, qualsiasi componente aggiuntivo non firmato caricato dall'applicazione sarà disattivato e verrà visualizzata la barra informazioni di protezione nella parte superiore della finestra attiva. La barra informazioni di protezione mostra informazioni sul componente aggiuntivo non firmato.\n\nSe non si configura questa impostazione di criterio, verrà applicato lo stesso comportamento valido in caso di disattivazione e gli utenti potranno inoltre configurare personalmente questo requisito nella categoria \"Componenti aggiuntivi\" del Centro protezione per l'applicazione.","tags":["L_TrustCenter","L_Security","L_VisioOptions","L_MicrosoftVisio"],"application":"visio16","key":"software\\microsoft\\office\\16.0\\visio\\security","valueName":"notbpromptunsignedaddin"},{"parentCategory":{"ref":"L_TrustCenter"},"supportedOn":{"ref":"windows:SUPPORTED_Windows7"},"enabledValue":{"decimal":{"value":1}},"disabledValue":{"decimal":{"value":0}},"name":"L_AllowTrustedLocationsOnTheNetwork","displayName":"Consenti percorsi attendibili in rete","explainText":"Questa impostazione di criterio consente di stabilire se usare o meno percorsi attendibili di rete.\n\nSe si abilita questa impostazione, gli utenti potranno specificare percorsi attendibili in condivisioni di rete o altri percorsi remoti che non sono sotto il loro diretto controllo facendo clic sul pulsante \"Aggiungi nuovo percorso\" nella sezione Percorsi attendibili del Centro protezione. Verrà consentito il caricamento di contenuto, codice e componenti aggiuntivi dai percorsi attendibili con sicurezza minima e senza richiedere l'autorizzazione all'utente.\n\nSe si disabilita questa impostazione, tutti i percorsi di rete elencati nella sezione Percorsi attendibili del Centro protezione verranno ignorati dall'applicazione selezionata. \n\nSe si distribuiscono percorsi attendibili anche tramite Criteri di gruppo, è necessario verificare se si tratta di percorsi remoti. In tal caso, le chiavi dei criteri che fanno riferimento a percorsi remoti non consentiti mediante questa impostazione di criterio verranno ignorate nei computer client.\n\nLa disattivazione di questa impostazione di criterio non determina l'eliminazione dei percorsi di rete dall'elenco dei percorsi attendibili, ma causerà disservizi per gli utenti che aggiungono percorsi di rete all'elenco dei percorsi attendibili. Agli utenti verrà inoltre impedito di aggiungere nuovi percorsi di rete all'elenco dei percorsi attendibili del Centro protezione. Tale procedura tuttavia non è consigliata, come indicato dalla casella di controllo \"Consenti percorsi attendibili in questa rete (scelta non consigliata)\", quindi dovrebbe essere possibile disattivare questa impostazione di criterio nella maggior parte dei casi senza causare problemi gravi di usabilità per la maggior parte degli utenti.\n\nSe non si abilita questa impostazione, gli utenti possono selezionare la casella di controllo \"Consenti percorsi attendibili in questa rete (scelta non consigliata)\" e specificare i percorsi attendibili facendo clic sul pulsante \"Aggiungi nuovo percorso\".","tags":["L_TrustCenter","L_Security","L_VisioOptions","L_MicrosoftVisio"],"application":"visio16","key":"software\\microsoft\\office\\16.0\\visio\\security\\trusted locations","valueName":"allownetworklocations"},{"parentCategory":{"ref":"L_TrustCenter"},"supportedOn":{"ref":"windows:SUPPORTED_Windows7"},"enabledValue":{"decimal":{"value":1}},"disabledValue":{"decimal":{"value":0}},"name":"L_DisableTrustedLoc","displayName":"Disattiva tutti i percorsi attendibili","explainText":"Questa impostazione di criteri consente agli amministratori di disabilitare tutti i percorsi attendibili nelle versioni 2016 delle applicazioni specificate. I percorsi attendibili specificati nel Centro protezione identificano percorsi sicuri. Codice, contenuti e componenti aggiuntivi vengono caricati dai percorsi attendibili con sicurezza minima e senza richiedere l'autorizzazione dell'utente. File pericolosi caricati da percorsi attendibili non sono sottoposti a misure di sicurezza standard e potrebbero provocare danni al computer e ai dati dell'utente.\n \nSe si abilita questa impostazione di criteri, verranno ignorati tutti i percorsi attendibili specificati nel Centro protezione per le versioni 2016 delle applicazioni selezionate, inclusi i percorsi attendibili stabiliti durante l'installazione di Office, quelli distribuiti agli utenti tramite Criteri di gruppo o quelli aggiunti dagli utenti stessi. Agli utenti verrà di nuovo richiesta la conferma per l'apertura di file da percorsi attendibili.\n \nSe si disabilita o non si configura questa impostazione di criteri, tutti i percorsi attendibili specificati nel Centro protezione per le versioni 2016 delle applicazioni specificate saranno considerati sicuri.","tags":["L_TrustCenter","L_Security","L_VisioOptions","L_MicrosoftVisio"],"application":"visio16","key":"software\\microsoft\\office\\16.0\\visio\\security\\trusted locations","valueName":"alllocationsdisabled"},{"parentCategory":{"ref":"L_FileBlockSettings"},"supportedOn":{"ref":"windows:SUPPORTED_Windows7"},"elements":{"items":[{"item":[{"value":{"decimal":{"value":0}},"displayName":"Non bloccare"},{"value":{"decimal":{"value":1}},"displayName":"Salvataggio bloccato"},{"value":{"decimal":{"value":2}},"displayName":"Apertura/salvataggio bloccati"}],"valueName":"visio2003files","inputType":"dropdownList","caption":"Impostazione tipi file:","id":"L_Visio2003FilesDropID"}]},"name":"L_Visio2003Files","displayName":"Stencil, modelli e disegni binari di Visio 2003-2010","explainText":"Questa impostazione di criterio consente di determinare se gli utenti possono aprire o salvare i file di Visio con il formato specificato dal titolo di questa impostazione di criterio.\n\nSe si attiva questa impostazione di criterio, è possibile specificare se gli utenti possono aprire o salvare i file.\n\nLe opzioni selezionabili sono indicate di seguito. Nota: non tutte le opzioni possono essere disponibili per questa impostazione di criterio.\n\n- Non bloccare: il tipo di file non sarà bloccato.\n\n- Salvataggio bloccato: il salvataggio del tipo di file sarà bloccato.\n\n- Apertura/salvataggio bloccati: sia l'apertura che il salvataggio del tipo di file saranno bloccati.\n\nSe si disattiva o non si configura questa impostazione di criterio, il tipo di file non verrà bloccato.","tags":["L_FileBlockSettings","L_TrustCenter","L_Security","L_VisioOptions","L_MicrosoftVisio"],"application":"visio16","key":"software\\microsoft\\office\\16.0\\visio\\security\\fileblock"},{"parentCategory":{"ref":"L_FileBlockSettings"},"supportedOn":{"ref":"windows:SUPPORTED_Windows7"},"elements":{"items":[{"item":[{"value":{"decimal":{"value":0}},"displayName":"Non bloccare"},{"value":{"decimal":{"value":2}},"displayName":"Apertura/salvataggio bloccati"}],"valueName":"visio2000files","inputType":"dropdownList","caption":"Impostazione tipi file:","id":"L_Visio2000FilesDropID"}]},"name":"L_Visio2000Files","displayName":"Stencil, modelli e disegni binari di Visio 2000-2002","explainText":"Questa impostazione di criterio consente di determinare se gli utenti possono aprire o salvare i file di Visio con il formato specificato dal titolo di questa impostazione di criterio.\n\nSe si attiva questa impostazione di criterio, è possibile specificare se gli utenti possono aprire o salvare i file.\n\nLe opzioni selezionabili sono indicate di seguito. Nota: non tutte le opzioni possono essere disponibili per questa impostazione di criterio.\n\n- Non bloccare: il tipo di file non sarà bloccato.\n\n- Salvataggio bloccato: il salvataggio del tipo di file sarà bloccato.\n\n- Apertura/salvataggio bloccati: sia l'apertura che il salvataggio del tipo di file saranno bloccati.\n\nSe si disattiva o non si configura questa impostazione di criterio, il tipo di file verrà bloccato.","tags":["L_FileBlockSettings","L_TrustCenter","L_Security","L_VisioOptions","L_MicrosoftVisio"],"application":"visio16","key":"software\\microsoft\\office\\16.0\\visio\\security\\fileblock"},{"parentCategory":{"ref":"L_FileBlockSettings"},"supportedOn":{"ref":"windows:SUPPORTED_Windows7"},"elements":{"items":[{"item":[{"value":{"decimal":{"value":0}},"displayName":"Non bloccare"},{"value":{"decimal":{"value":2}},"displayName":"Apertura/salvataggio bloccati"}],"valueName":"visio50andearlierfiles","inputType":"dropdownList","caption":"Impostazione tipi file:","id":"L_Visio50AndEarlierFilesDropID"}]},"name":"L_Visio50AndEarlierFiles","displayName":"Stencil, modelli e disegni binari di Visio 5.0 o versione precedente","explainText":"Questa impostazione di criterio consente di determinare se gli utenti possono aprire o salvare i file di Visio con il formato specificato dal titolo di questa impostazione di criterio.\n\nSe si attiva questa impostazione di criterio, è possibile specificare se gli utenti possono aprire o salvare i file.\n\nLe opzioni selezionabili sono indicate di seguito. Nota: non tutte le opzioni possono essere disponibili per questa impostazione di criterio.\n\n- Non bloccare: il tipo di file non sarà bloccato.\n\n- Salvataggio bloccato: il salvataggio del tipo di file sarà bloccato.\n\n- Apertura/salvataggio bloccati: sia l'apertura che il salvataggio del tipo di file saranno bloccati.\n\nSe si disattiva o non si configura questa impostazione di criterio, il tipo di file verrà bloccato.","tags":["L_FileBlockSettings","L_TrustCenter","L_Security","L_VisioOptions","L_MicrosoftVisio"],"application":"visio16","key":"software\\microsoft\\office\\16.0\\visio\\security\\fileblock"},{"parentCategory":{"ref":"L_MacroSecurity"},"supportedOn":{"ref":"windows:SUPPORTED_Windows7"},"enabledValue":{"string":"1"},"disabledValue":{"string":"0"},"name":"L_LoadMicrosoftVisualBasicforApplicationsprojectsf","displayName":"Carica progetti di Microsoft Visual Basic, Applications Edition dal testo","explainText":"Se si desidera poter utilizzare il progetto VBA in disegni creati in altre versioni di Visio, selezionare questa opzione. Il progetto VBA verrà compilato durante il caricamento del file, ma il progetto compilato non verrà salvato.","tags":["L_MacroSecurity","L_Security","L_VisioOptions","L_MicrosoftVisio"],"application":"visio16","key":"software\\microsoft\\office\\16.0\\visio\\application","valueName":"loadvbaprojectsfromtext"},{"parentCategory":{"ref":"L_MacroSecurity"},"supportedOn":{"ref":"windows:SUPPORTED_Windows7"},"enabledValue":{"string":"1"},"disabledValue":{"string":"0"},"name":"L_EnableMicrosoftVisualBasicforApplicationsproject","displayName":"Attivazione creazione progetti con Microsoft Visual Basic, Applications Edition","explainText":"Consente di attivare la creazione di progetti VBA quando si apre o si crea un documento che non contiene già un progetto. Se la casella di controllo non è selezionata, non sarà possibile creare una macro in un documento che non contiene già un progetto.","tags":["L_MacroSecurity","L_Security","L_VisioOptions","L_MicrosoftVisio"],"application":"visio16","key":"software\\microsoft\\office\\16.0\\visio\\application","valueName":"createvbaprojects"},{"parentCategory":{"ref":"L_EditingOptions"},"supportedOn":{"ref":"windows:SUPPORTED_Windows7"},"enabledValue":{"string":"0"},"disabledValue":{"string":"1"},"name":"L_TurnOffTransitions","displayName":"Disattiva transizioni","explainText":"Questa impostazione di criterio consente di configurare transizioni, ovvero effetti di animazione.\n\nSe si attiva questa impostazione di criterio, le transizioni verranno disattivate.\n\nSe si disattiva o non si configura questa impostazione di criterio, le transizioni verranno attivate.","tags":["L_EditingOptions","L_Advanced","L_VisioOptions","L_MicrosoftVisio"],"application":"visio16","key":"software\\microsoft\\office\\16.0\\visio\\application","valueName":"transitionsenabled"},{"parentCategory":{"ref":"L_EditingOptions"},"supportedOn":{"ref":"windows:SUPPORTED_Windows7"},"enabledValue":{"string":"0"},"disabledValue":{"string":"1"},"name":"L_TurnOffSmartDeleteBehaviorOfConnectorsWhenDeletingShapes","displayName":"Disattiva comportamento di eliminazione intelligente dei connettori all'eliminazione delle forme","explainText":"Questa impostazione di criterio disattiva il comportamento di eliminazione intelligente dei connettori all'eliminazione delle forme.\n\nSe si attiva questa impostazione di criterio, i connettori non verranno eliminati all'eliminazione delle forme.\n\nSe si disattiva o non si configura questa impostazione di criterio, i connettori verranno eliminati all'eliminazione delle forme.","tags":["L_EditingOptions","L_Advanced","L_VisioOptions","L_MicrosoftVisio"],"application":"visio16","key":"software\\microsoft\\office\\16.0\\visio\\application","valueName":"deleteconnectorsenabled"},{"parentCategory":{"ref":"L_EditingOptions"},"supportedOn":{"ref":"windows:SUPPORTED_Windows7"},"enabledValue":{"string":"0"},"disabledValue":{"string":"1"},"name":"L_TurnOffShapeSheetFormulaAutoComplete","displayName":"Disattiva completamento automatico formula ShapeSheet","explainText":"Questa impostazione di criterio consente di configurare il completamento automatico della formula del foglio ShapeSheet.\n\nSe si attiva questa impostazione di criterio, il completamento automatico della formula del foglio ShapeSheet verrà disattivato.\n\nSe si disattiva o non si configura questa impostazione di criterio, il completamento automatico della formula del foglio ShapeSheet verrà attivato.","tags":["L_EditingOptions","L_Advanced","L_VisioOptions","L_MicrosoftVisio"],"application":"visio16","key":"software\\microsoft\\office\\16.0\\visio\\application","valueName":"formulaautocomplete"},{"parentCategory":{"ref":"L_GeneralOptions"},"supportedOn":{"ref":"windows:SUPPORTED_Windows7"},"enabledValue":{"string":"1"},"disabledValue":{"string":"0"},"name":"L_OpeneachShapeSheetinthesamewindow","displayName":"Utilizza la stessa finestra per tutti i fogli ShapeSheet","explainText":"Consente di aprire più fogli ShapeSheet nella stessa finestra invece di visualizzare ogni foglio in una finestra separata.","tags":["L_GeneralOptions","L_Advanced","L_VisioOptions","L_MicrosoftVisio"],"application":"visio16","key":"software\\microsoft\\office\\16.0\\visio\\document","valueName":"recycleshapesheetwindow"},{"parentCategory":{"ref":"L_GeneralOptions"},"supportedOn":{"ref":"windows:SUPPORTED_Windows7"},"enabledValue":{"string":"1"},"disabledValue":{"string":"0"},"name":"L_PutallsettingsinWindowsregistry","displayName":"Inserisci tutte le impostazioni nel Registro di sistema di Windows","explainText":"Consente di aggiungere tutte le impostazioni possibili relative all'applicazione nel Registro di sistema di Windows. Per limitare le dimensioni del registro, per impostazione predefinita vengono aggiunte solo alcune impostazioni, quelle non predefinite e poche altre, quali i percorsi dei file, i filtri di importazione ed esportazione e gli ultimi file aperti.","tags":["L_GeneralOptions","L_Advanced","L_VisioOptions","L_MicrosoftVisio"],"application":"visio16","key":"software\\microsoft\\office\\16.0\\visio\\application","valueName":"putallinregistry"},{"parentCategory":{"ref":"L_GeneralOptions"},"supportedOn":{"ref":"windows:SUPPORTED_Windows7"},"enabledValue":{"string":"1"},"disabledValue":{"string":"0"},"name":"L_EnableAutomationevents","displayName":"Attiva eventi di automazione","explainText":"Consente l'invio degli eventi di Visio ai componenti aggiuntivi di Visio e alle macro VBA. Se è deselezionata, tutti gli eventi di Visio verranno disattivati. Se si deseleziona questa opzione, è possibile che alcuni tipi di disegno di Visio che si basano su eventi di automazione non dispongano di tutte le funzionalità.","tags":["L_GeneralOptions","L_Advanced","L_VisioOptions","L_MicrosoftVisio"],"application":"visio16","key":"software\\microsoft\\office\\16.0\\visio\\application","valueName":"eventsenabled"},{"parentCategory":{"ref":"L_FileLocations"},"supportedOn":{"ref":"windows:SUPPORTED_Windows7"},"elements":{"items":[{"valueName":"drawingspath","requiredSpecified":false,"expandableSpecified":false,"maxLength":2147483647,"maxLengthSpecified":false,"inputType":"textBox","caption":"Disegni:","id":"L_Drawingscolon"}]},"name":"L_Drawings","displayName":"Disegni","explainText":"Consente di visualizzare ulteriori percorsi di disegni. Il percorso aggiunto qui diventa il percorso predefinito in cui vengono salvati i disegni.","tags":["L_FileLocations","L_Advanced","L_VisioOptions","L_MicrosoftVisio"],"application":"visio16","key":"software\\microsoft\\office\\16.0\\visio\\application"},{"parentCategory":{"ref":"L_FileLocations"},"supportedOn":{"ref":"windows:SUPPORTED_Windows7"},"elements":{"items":[{"valueName":"templatepath","requiredSpecified":false,"expandableSpecified":false,"maxLength":2147483647,"maxLengthSpecified":false,"inputType":"textBox","caption":"Modelli:","id":"L_Templatescolon"}]},"name":"L_Templates","displayName":"Modelli","explainText":"Questa impostazione di criterio consente di specificare il percorso aggiuntivo dei modelli.\n\nSe si attiva questa impostazione di criterio, è possibile specificare il percorso aggiuntivo dei modelli.  Questi percorsi sono elencati nella schermata Nuovo della scheda File.\n\nSe si disattiva o non si configura questa impostazione di criterio, non verrà visualizzato alcun percorso aggiuntivo dei modelli.","tags":["L_FileLocations","L_Advanced","L_VisioOptions","L_MicrosoftVisio"],"application":"visio16","key":"software\\microsoft\\office\\16.0\\visio\\application"},{"parentCategory":{"ref":"L_FileLocations"},"supportedOn":{"ref":"windows:SUPPORTED_Windows7"},"elements":{"items":[{"valueName":"stencilpath","requiredSpecified":false,"expandableSpecified":false,"maxLength":2147483647,"maxLengthSpecified":false,"inputType":"textBox","caption":"Stencil:","id":"L_Stencilscolon"}]},"name":"L_Stencils","displayName":"Stencil","explainText":"Consente di visualizzare ulteriori percorsi di stencil. Quando viene aggiunto un percorso qui, gli stencil vengono elencati nel sottomenu Forme del menu File.","tags":["L_FileLocations","L_Advanced","L_VisioOptions","L_MicrosoftVisio"],"application":"visio16","key":"software\\microsoft\\office\\16.0\\visio\\application"},{"parentCategory":{"ref":"L_FileLocations"},"supportedOn":{"ref":"windows:SUPPORTED_Windows7"},"elements":{"items":[{"valueName":"helppath","requiredSpecified":false,"expandableSpecified":false,"maxLength":2147483647,"maxLengthSpecified":false,"inputType":"textBox","caption":"Guida:","id":"L_Helpcolon"}]},"name":"L_Help","displayName":"Guida","explainText":"Consente di visualizzare ulteriori percorsi del file della Guida.","tags":["L_FileLocations","L_Advanced","L_VisioOptions","L_MicrosoftVisio"],"application":"visio16","key":"software\\microsoft\\office\\16.0\\visio\\application"},{"parentCategory":{"ref":"L_FileLocations"},"supportedOn":{"ref":"windows:SUPPORTED_Windows7"},"elements":{"items":[{"valueName":"addonspath","requiredSpecified":false,"expandableSpecified":false,"maxLength":2147483647,"maxLengthSpecified":false,"inputType":"textBox","caption":"Componenti aggiuntivi:","id":"L_Addonscolon"}]},"name":"L_Addons","displayName":"Componenti aggiuntivi","explainText":"Consente di visualizzare ulteriori percorsi di macro e componenti aggiuntivi.","tags":["L_FileLocations","L_Advanced","L_VisioOptions","L_MicrosoftVisio"],"application":"visio16","key":"software\\microsoft\\office\\16.0\\visio\\application"},{"parentCategory":{"ref":"L_FileLocations"},"supportedOn":{"ref":"windows:SUPPORTED_Windows7"},"elements":{"items":[{"valueName":"startuppath","requiredSpecified":false,"expandableSpecified":false,"maxLength":2147483647,"maxLengthSpecified":false,"inputType":"textBox","caption":"Avvio:","id":"L_Startupcolon"}]},"name":"L_Startup","displayName":"Avvio","explainText":"Consente di visualizzare ulteriori percorsi di macro e componenti aggiuntivi aperti quando viene avviato Visio.","tags":["L_FileLocations","L_Advanced","L_VisioOptions","L_MicrosoftVisio"],"application":"visio16","key":"software\\microsoft\\office\\16.0\\visio\\application"},{"parentCategory":{"ref":"L_FileLocations"},"supportedOn":{"ref":"windows:SUPPORTED_Windows7"},"elements":{"items":[{"valueName":"myshapespath","requiredSpecified":false,"expandableSpecified":false,"maxLength":2147483647,"maxLengthSpecified":false,"inputType":"textBox","caption":"Forme personalizzate:","id":"L_MyShapescolon"}]},"name":"L_MyShapes","displayName":"Forme personalizzate","explainText":"Consente di visualizzare il percorso della cartella Forme personalizzate.","tags":["L_FileLocations","L_Advanced","L_VisioOptions","L_MicrosoftVisio"],"application":"visio16","key":"software\\microsoft\\office\\16.0\\visio\\application"},{"parentCategory":{"ref":"L_FileLocations"},"supportedOn":{"ref":"windows:SUPPORTED_Windows7"},"elements":{"items":[{"valueName":"favoritesstencilname","requiredSpecified":false,"expandableSpecified":false,"maxLength":2147483647,"maxLengthSpecified":false,"inputType":"textBox","caption":"Nome stencil forme preferite:","id":"L_FavoritesStencilNamecolon"}]},"name":"L_FavoritesStencilName","displayName":"Nome stencil forme preferite","explainText":"Visualizza il nome dello stencil creato nella cartella Forme contenente le forme preferite di un utente.","tags":["L_FileLocations","L_Advanced","L_VisioOptions","L_MicrosoftVisio"],"application":"visio16","key":"software\\microsoft\\office\\16.0\\visio\\application"},{"parentCategory":{"ref":"L_AutoCorrectOptions"},"supportedOn":{"ref":"windows:SUPPORTED_Windows7"},"enabledValue":{"decimal":{"value":1}},"disabledValue":{"decimal":{"value":0}},"name":"L_Straightquoteswithsmartquotes","displayName":"Virgolette semplici con virgolette inglesi","explainText":"Consente di selezionare/deselezionare l'opzione corrispondente nell'interfaccia utente.","tags":["L_AutoCorrectOptions","L_Proofing","L_VisioOptions","L_MicrosoftVisio"],"application":"visio16","key":"software\\microsoft\\office\\16.0\\visio\\autoformat as you type","valueName":"smartquotes"},{"parentCategory":{"ref":"L_AutoCorrectOptions"},"supportedOn":{"ref":"windows:SUPPORTED_Windows7"},"enabledValue":{"decimal":{"value":1}},"disabledValue":{"decimal":{"value":0}},"name":"L_Fractionswithfractioncharacter","displayName":"Frazioni con caratteri frazionari","explainText":"Consente di selezionare/deselezionare l'opzione corrispondente nell'interfaccia utente.","tags":["L_AutoCorrectOptions","L_Proofing","L_VisioOptions","L_MicrosoftVisio"],"application":"visio16","key":"software\\microsoft\\office\\16.0\\visio\\autoformat as you type","valueName":"fractions"},{"parentCategory":{"ref":"L_AutoCorrectOptions"},"supportedOn":{"ref":"windows:SUPPORTED_Windows7"},"enabledValue":{"decimal":{"value":1}},"disabledValue":{"decimal":{"value":0}},"name":"L_Ordinalswithsuperscript","displayName":"Ordinali con apice","explainText":"Consente di selezionare/deselezionare l'opzione corrispondente nell'interfaccia utente.","tags":["L_AutoCorrectOptions","L_Proofing","L_VisioOptions","L_MicrosoftVisio"],"application":"visio16","key":"software\\microsoft\\office\\16.0\\visio\\autoformat as you type","valueName":"ordinals"},{"parentCategory":{"ref":"L_AutoCorrectOptions"},"supportedOn":{"ref":"windows:SUPPORTED_Windows7"},"enabledValue":{"decimal":{"value":1}},"disabledValue":{"decimal":{"value":0}},"name":"L_Hyphenswithdash","displayName":"Segni meno con trattino","explainText":"Consente di selezionare/deselezionare l'opzione corrispondente nell'interfaccia utente.","tags":["L_AutoCorrectOptions","L_Proofing","L_VisioOptions","L_MicrosoftVisio"],"application":"visio16","key":"software\\microsoft\\office\\16.0\\visio\\autoformat as you type","valueName":"dashes"},{"parentCategory":{"ref":"L_AutoCorrectOptions"},"supportedOn":{"ref":"windows:SUPPORTED_Windows7"},"enabledValue":{"decimal":{"value":1}},"disabledValue":{"decimal":{"value":0}},"name":"L_Smileyfacesandarrowswithspecialsymbols","displayName":"Smile e frecce con simboli","explainText":"Consente di selezionare/deselezionare l'opzione corrispondente nell'interfaccia utente.","tags":["L_AutoCorrectOptions","L_Proofing","L_VisioOptions","L_MicrosoftVisio"],"application":"visio16","key":"software\\microsoft\\office\\16.0\\visio\\autoformat as you type","valueName":"smileys"},{"parentCategory":{"ref":"L_Miscellaneous"},"supportedOn":{"ref":"windows:SUPPORTED_Windows7"},"elements":{"items":[{"valueName":"sendtoemailmsgstring","requiredSpecified":false,"expandableSpecified":false,"maxLength":2147483647,"maxLengthSpecified":false,"inputType":"textBox","caption":"Messaggio di posta elettronica per i comandi 'Invia a'","id":"L_emailmessageforsendtocommands101"}]},"name":"L_EmailmessageforSendtocommands","displayName":"Messaggio di posta elettronica per i comandi 'Invia a'","explainText":"Comando disponibile nel sottomenu Invia a del menu File.","tags":["L_Miscellaneous","L_MicrosoftVisio"],"application":"visio16","key":"software\\microsoft\\office\\16.0\\visio\\application"},{"parentCategory":{"ref":"L_Display"},"supportedOn":{"ref":"windows:SUPPORTED_Windows7"},"elements":{"items":[{"valueName":"max display","minValue":0,"minValueSpecified":true,"maxValue":50,"maxValueSpecified":true,"inputType":"decimalTextBox","caption":"Numero di voci: ","id":"L_Numberofentries"}]},"name":"L_Recentlyusedfilelist","displayName":"Numero di voci nell'elenco Disegni recenti","explainText":"Questa impostazione di criterio consente di specificare il numero di voci mostrate nell'elenco Disegni recenti visualizzato quando gli utenti scelgono Apri nella scheda File della visualizzazione Backstage.  \n\nSe si abilita questa impostazione, è possibile specificare il numero di voci indicando un valore compreso tra 0 e 50. Se si imposta 0, tutte le voci incluse ed escluse vengono nascoste.\n\nSe si disabilita o non si configura questa impostazione, verranno mostrati al massimo 25 elementi nell'elenco Disegni recenti.\n\nNota: se si vuole impedire completamente l'aggiunta di elementi all'elenco Disegni recenti, è possibile abilitare l'impostazione del criterio di Windows \"Non mantenere la cronologia dei documenti aperti recentemente\".","tags":["L_Display","L_Advanced","L_VisioOptions","L_MicrosoftVisio"],"application":"visio16","key":"software\\microsoft\\office\\16.0\\visio\\file mru"},{"parentCategory":{"ref":"L_Display"},"supportedOn":{"ref":"windows:SUPPORTED_Windows7"},"elements":{"items":[{"valueName":"max display","minValue":0,"minValueSpecified":true,"maxValue":20,"maxValueSpecified":true,"inputType":"decimalTextBox","caption":"Numero di cartelle: ","id":"L_SetNumberOfPlacesInTheRecentPlacesListSpinID"}]},"name":"L_SetNumberOfPlacesInTheRecentPlacesList","displayName":"Numero di cartelle nell'elenco Cartelle recenti","explainText":"Questa impostazione di criterio consente di specificare il numero di voci escluse mostrate nell'elenco Cartelle recenti visualizzato quando gli utenti scelgono Apri o Salva con nome nella scheda File della visualizzazione Backstage.\n\nSe si abilita questa impostazione, è possibile specificare il numero di voci escluse indicando un valore compreso tra 0 e 20. Se si imposta 0, tutte le voci incluse ed escluse vengono nascoste.\n\nSe si disabilita o non si configura questa impostazione, verranno mostrate al massimo 5 voci escluse nell'elenco Cartelle recenti.\n\nNota: se si vuole impedire completamente l'aggiunta di elementi all'elenco Cartelle recenti, è possibile abilitare l'impostazione del criterio di Windows \"Non mantenere la cronologia dei documenti aperti recentemente\".","tags":["L_Display","L_Advanced","L_VisioOptions","L_MicrosoftVisio"],"application":"visio16","key":"software\\microsoft\\office\\16.0\\visio\\place mru"},{"parentCategory":{"ref":"L_Miscellaneous"},"supportedOn":{"ref":"windows:SUPPORTED_Windows7"},"enabledValue":{"decimal":{"value":1}},"disabledValue":{"decimal":{"value":0}},"name":"L_DisableOfficeStartVisio","displayName":"Disabilitare la schermata di avvio di Office per Visio","explainText":"Questa impostazione di criteri controlla se la schermata Start di Office viene visualizzata all'avvio di Visio.\n\nSe si abilita questa impostazione di criteri, gli utenti non visualizzeranno la schermata Start di Office quando avviano Visio.\n\nSe si disabilita o non si configura questa impostazione di criteri, gli utenti visualizzeranno la schermata Start di Office quando avviano Visio.\n\nNota: questa impostazione di criteri viene sostituita da \"Microsoft Office 2016 > Varie > Disabilita la schermata Start di Office per tutte le applicazioni Office\", se questa impostazione di criteri è stata configurata.","tags":["L_Miscellaneous","L_MicrosoftVisio"],"application":"visio16","key":"software\\microsoft\\office\\16.0\\visio\\application","valueName":"disableboottoofficestart"},{"parentCategory":{"ref":"L_Miscellaneous"},"supportedOn":{"ref":"windows:SUPPORTED_Windows7"},"elements":{"items":[{"valueName":"personaltemplates","requiredSpecified":false,"expandable":true,"expandableSpecified":true,"maxLength":2147483647,"maxLengthSpecified":false,"inputType":"textBox","caption":"Percorso modelli personali","id":"L_PersonalTemplatesPath"}]},"name":"L_PersonalTemplatesPath","displayName":"Percorso modelli personali per Visio","explainText":"Questa impostazione di criterio specifica il percorso dei modelli personali di un utente. \n\nSe si abilita questa impostazione di criterio, gli utenti visualizzeranno tutti i modelli che hanno salvato nel percorso specificato nella scheda Modelli personalizzati della schermata di avvio di Office e in File | Nuovo e quando salvano un modello la cartella predefinita verrà modificata secondo il percorso specificato. \n\nSe si disabilita o non si configura questa impostazione di criterio, gli utenti non visualizzeranno i modelli salvati nella scheda Modelli personalizzati della schermata di avvio di Office e in File | Nuovo e quando salvano un modello la cartella predefinita sarà il percorso di salvataggio del documento.","tags":["L_Miscellaneous","L_MicrosoftVisio"],"application":"visio16","key":"software\\microsoft\\office\\16.0\\visio\\application"},{"parentCategory":{"ref":"L_Miscellaneous"},"supportedOn":{"ref":"windows:SUPPORTED_Windows7"},"elements":{"items":[{"item":[{"value":{"decimal":{"value":0}},"displayName":"In primo piano"},{"value":{"decimal":{"value":2}},"displayName":"Incorporata"},{"value":{"decimal":{"value":1}},"displayName":"Personalizzata"}],"valueName":"officestartdefaulttab","inputType":"dropdownList","caption":"Scheda predefinita","id":"L_DefaultBuiltInTab"}]},"name":"L_DefaultBuiltInTab","displayName":"Scheda predefinita da visualizzare in Visio nella schermata di avvio di Office e in File | Nuovo","explainText":"Questa impostazione di criterio consente di stabilire cosa viene visualizzato nella scheda predefinita di Visio nella schermata di avvio di Office e in File | Nuovo. \n\nSe si abilita questa impostazione di criterio, è possibile scegliere una delle due opzioni come scheda predefinita nella schermata di avvio di Office e in File | Nuovo:\n\n* Incorporati – Gli utenti visualizzeranno la scheda Modelli incorporati come scheda predefinita in Visio nella schermata di avvio di Office e in File | Nuovo.\n\n* Personalizzati – Gli utenti visualizzeranno la scheda Modelli personalizzati come scheda predefinita in Visio nella schermata di avvio di Office e in File | Nuovo se esistono i modelli (inclusi modelli programmati XML personalizzati, modelli nel percorso modelli gruppo di lavoro, modelli nel percorso modelli personali o modelli di SharePoint).\n\nSe si disabilita o non si configura questa impostazione di criterio, gli utenti visualizzeranno la scheda Modelli in primo piano come scheda predefinita in Visio nella schermata di avvio di Office o in File | Nuovo","tags":["L_Miscellaneous","L_MicrosoftVisio"],"application":"visio16","key":"software\\microsoft\\office\\16.0\\visio\\application"},{"parentCategory":{"ref":"L_Proofing"},"supportedOn":{"ref":"windows:SUPPORTED_Windows7"},"enabledValue":{"decimal":{"value":1}},"disabledValue":{"decimal":{"value":0}},"name":"L_DisableVisioRnRPane","displayName":"Disattivare le funzionalità Ricerche e Traduzione in Visio","explainText":"\n        Questa impostazione dei criteri controlla se le funzionalità Ricerca e Traduzione sono visualizzate in Visio.\n\n        Se si abilita questa impostazione dei criteri, gli utenti non visualizzeranno le funzionalità Ricerca e Traduzione in Visio.\n\n        Se si disabilita o si non configura questa impostazione dei criteri, gli utenti visualizzeranno le funzionalità Ricerca e Traduzione in Visio.\n\n        Nota:  Questa impostazione dei criteri si applica solo a Visio LTSC 2021.\n","tags":["L_Proofing","L_VisioOptions","L_MicrosoftVisio"],"application":"visio16","key":"software\\microsoft\\office\\16.0\\visio\\application","valueName":"disablevisiornrpane"},{"parentCategory":{"ref":"L_Advanced"},"supportedOn":{"ref":"windows:SUPPORTED_Windows7"},"enabledList":[{"value":{"string":"true"},"valueName":"Microsoft.Office.UXPlatform.FluentSVRefresh"},{"value":{"string":"true"},"valueName":"Microsoft.Office.UXPlatform.RibbonTouchOptimization"},{"value":{"string":"true"},"valueName":"Microsoft.Office.UXPlatform.FluentSVRibbonOptionsMenu"}],"disabledList":[{"value":{"string":"false"},"valueName":"Microsoft.Office.UXPlatform.FluentSVRefresh"},{"value":{"string":"false"},"valueName":"Microsoft.Office.UXPlatform.RibbonTouchOptimization"},{"value":{"string":"false"},"valueName":"Microsoft.Office.UXPlatform.FluentSVRibbonOptionsMenu"}],"name":"L_visioVisualRefresh","displayName":"Impostazioni di aggiornamento visivo","explainText":"Abilita o disabilita l'aggiornamento visivo. potrebbe non funzionare per alcune versioni di Office.\n\nDati forniti da Office Tool Plus.","tags":["L_Advanced"],"application":"visio16","key":"Software\\Microsoft\\Office\\16.0\\Common\\ExperimentConfigs\\ExternalFeatureOverrides\\visio"}]}